landmark,intersection
edsa quezon ave,EDSA-Quezon Ave
quezon ave,EDSA-Quezon Ave
edsa kamuning,EDSA-Kamuning
kamuning,EDSA-Kamuning
edsa aurora,EDSA-Aurora
aurora blvd,EDSA-Aurora
aurora,EDSA-Aurora
edsa santolan,EDSA-Regalia (P. Tuazon)
santolan,EDSA-Regalia (P. Tuazon)
p. tuazon,EDSA-Regalia (P. Tuazon)
tuazon,EDSA-Regalia (P. Tuazon)
edsa ortigas,EDSA-Ortigas-Shaw
ortigas,EDSA-Ortigas-Shaw
edsa shaw,EDSA-Ortigas-Shaw
shaw,EDSA-Ortigas-Shaw
megamall,EDSA-Ortigas-Shaw
edsa ayala,8337-Ayala NB 1-PTZ
ayala,8337-Ayala NB 1-PTZ
roxas blvd,Roxas Blvd-Kalaw
kalaw,Roxas Blvd-Kalaw
padre burgos,Roxas-Padre Burgos
p. burgos,Roxas-Padre Burgos
edsa guadalupe,EDSA-Guadalupe
guadalupe,EDSA-Guadalupe
edsa magallanes,EDSA-Magallanes
magallanes,EDSA-Magallanes
edsa balintawak,EDSA-Balintawak
balintawak,EDSA-Balintawak
edsa buendia,EDSA-Buendia
buendia,EDSA-Buendia
gil puyat,EDSA-Buendia
edsa timog,EDSA-Timog
timog,EDSA-Timog
edsa taft,EDSA-Taft
pasay taft,EDSA-Taft
edsa pasay,EDSA-Taft
edsa north ave,EDSA-North Ave
north ave,EDSA-North Ave
sm north,EDSA-North Ave

