intersection,lat,lon,source
EDSA-Guadalupe,14.5621113,121.0423148,nominatim
EDSA-Magallanes,14.5412485,121.0167453,nominatim
EDSA-Balintawak,14.6576461,121.0125217,nominatim
EDSA-Buendia,14.5583088,121.0322369,nominatim
EDSA-Timog,14.6331769,121.0430201,nominatim
EDSA-Taft,14.5388064,121.0006313,nominatim
EDSA-North Ave,14.6568139,121.0303336,nominatim
EDSA-Boni,14.5745000,121.0370000,manual-correction
EDSA-Main Ave,14.6135841,121.0537476,nominatim
EDSA-Pioneer,14.5738862,121.0483375,nominatim
EDSA-Muñoz,14.6569847,121.0199618,nominatim
EDSA-Q. Mart,14.6284417,121.0469575,nominatim
EDSA-Kaingin,14.6576335,121.0108883,nominatim
EDSA-Trinoma,14.6530751,121.0330165,nominatim
EDSA-Highway 54,14.5803106,121.0530403,nominatim
EDSA-Bagong Barrio,14.6574711,120.9980782,nominatim
EDSA-Monte,14.6039675,121.0580974,nominatim
EDSA-Camp Aguinaldo Gate 3,14.6081270,121.0564640,nominatim
EDSA-Oliveros,14.6574625,121.0067871,nominatim
EDSA-Monte De Piedad,14.6220979,121.0498164,nominatim
EDSA-Mcu,14.6571236,120.9854248,nominatim
EDSA-Guadix,14.5898936,121.0573371,nominatim
EDSA-Rockwell,14.5602887,121.0411434,nominatim
EDSA-Camp Aguinaldo,14.6036464,121.0585128,nominatim
EDSA-Dario Bridge,14.6575892,121.0155931,nominatim
EDSA-Farmers,14.6202226,121.0517231,nominatim
EDSA-Paramount,14.6547474,121.0301606,nominatim
EDSA-Roxas,14.5370408,120.9924616,nominatim
EDSA-Kamias,14.6287884,121.0469190,nominatim
EDSA-Boni Avenue,14.5745000,121.0370000,manual-correction
EDSA-Gen. Tinio,14.6573233,120.9930565,nominatim
EDSA-Dario,14.6575892,121.0155931,nominatim
EDSA-Sm Annex,14.6566910,121.0254672,nominatim
EDSA-Evangelista,14.5387601,121.0108731,nominatim
EDSA-West Ave,14.6556223,121.0293904,nominatim
EDSA-Main Ave. Carousel,14.6142531,121.0534683,nominatim
EDSA-Arayat,14.6195801,121.0503184,nominatim
EDSA-Camp Aguinaldo Gate 4,14.6107968,121.0552900,nominatim
EDSA-Annapolis,14.6080352,121.0563699,nominatim
EDSA-Ortigas Ave,14.5930000,121.0570000,manual-correction
