intersection,camera_intersection,camera_id,hops,km
EDSA-Annapolis,EDSA-Regalia (P. Tuazon),B283A8C105D7340B4EDE2AD51DC7F279_3022,6,0.9
EDSA-Arayat,EDSA-Regalia (P. Tuazon),B283A8C105D7340B4EDE2AD51DC7F279_3022,5,0.38
EDSA-Aurora,EDSA-Aurora,B283A8C105D7340B4EDE2AD51DC7F279_3017,0,0.0
EDSA-Aurora,EDSA-Aurora,B283A8C105D7340B4EDE2AD51DC7F279_3020,0,0.0
EDSA-Camp Aguinaldo,EDSA-Regalia (P. Tuazon),B283A8C105D7340B4EDE2AD51DC7F279_3022,8,1.45
EDSA-Camp Aguinaldo Gate 3,EDSA-Regalia (P. Tuazon),B283A8C105D7340B4EDE2AD51DC7F279_3022,6,0.9
EDSA-Camp Aguinaldo Gate 4,EDSA-Regalia (P. Tuazon),B283A8C105D7340B4EDE2AD51DC7F279_3022,8,0.7
EDSA-Farmers,EDSA-Aurora,B283A8C105D7340B4EDE2AD51DC7F279_3017,5,0.28
EDSA-Farmers,EDSA-Aurora,B283A8C105D7340B4EDE2AD51DC7F279_3020,5,0.28
EDSA-Kamias,EDSA-Kamuning,98F215CBB59174944294C85BC54F75D3_5155,2,0.28
EDSA-Kamias,EDSA-Kamuning,B283A8C105D7340B4EDE2AD51DC7F279_3011,2,0.28
EDSA-Kamuning,EDSA-Kamuning,98F215CBB59174944294C85BC54F75D3_5155,0,0.0
EDSA-Kamuning,EDSA-Kamuning,B283A8C105D7340B4EDE2AD51DC7F279_3011,0,0.0
EDSA-Main Ave,EDSA-Regalia (P. Tuazon),B283A8C105D7340B4EDE2AD51DC7F279_3022,5,0.35
EDSA-Main Ave. Carousel,EDSA-Regalia (P. Tuazon),B283A8C105D7340B4EDE2AD51DC7F279_3022,4,0.3
EDSA-Monte,EDSA-Regalia (P. Tuazon),B283A8C105D7340B4EDE2AD51DC7F279_3022,8,1.45
EDSA-Monte De Piedad,EDSA-Regalia (P. Tuazon),B283A8C105D7340B4EDE2AD51DC7F279_3022,5,0.64
EDSA-Q. Mart,EDSA-Kamuning,98F215CBB59174944294C85BC54F75D3_5155,2,0.28
EDSA-Q. Mart,EDSA-Kamuning,B283A8C105D7340B4EDE2AD51DC7F279_3011,2,0.28
EDSA-Quezon Ave,EDSA-Quezon Ave,98F215CBB59174944294C85BC54F75D3_5151,0,0.0
EDSA-Regalia (P. Tuazon),EDSA-Regalia (P. Tuazon),B283A8C105D7340B4EDE2AD51DC7F279_3022,0,0.0
EDSA-Timog,EDSA-Kamuning,98F215CBB59174944294C85BC54F75D3_5155,4,0.4
EDSA-Timog,EDSA-Kamuning,B283A8C105D7340B4EDE2AD51DC7F279_3011,4,0.4
EDSA-Trinoma,EDSA-Quezon Ave,98F215CBB59174944294C85BC54F75D3_5151,8,0.86
Roxas Blvd-Kalaw,Roxas Blvd-Kalaw,870D7CDB0F6682870F898236FEB0AAA3_4085,0,0.0
Roxas-Padre Burgos,Roxas-Padre Burgos,98F215CBB59174944294C85BC54F75D3_5171,0,0.0
Roxas-Padre Burgos,Roxas-Padre Burgos,98F215CBB59174944294C85BC54F75D3_5173,0,0.0
Roxas-Padre Burgos,Roxas-Padre Burgos,B283A8C105D7340B4EDE2AD51DC7F279_3050,0,0.0
