labeler,tweet_id,created_at,author,lang,session,split,text,url,label_relevant,label_type,label_location,label_lanes,label_notes
Jaushi,2051080026788184410,2026-05-04 07:22:40,PhilippineStar,en,2026-05-04 AM,train,"TODAY’S HEADLINES (Monday, May 4, 2026) Subscribe to the paper: https://t.co/CroExEonHH Trump reviewing new Iran peace proposal https://t.co/r1CAE7pjRl ICC judges to review anew Rodrigo Duterte’s detention https://t.co/CSSD29s4Ef PCG drives away 4 Chinese ships in West Philippine Sea https://t.co/RIvMdwlpDG Press freedom index: Philippines scores down amid higher ranking https://t.co/kxPIh0wp4p Senate readies for VP impeachment trial; House concluding hearing https://t.co/q4EsLLM37i Philippines, Japan conduct live-fire drills for the first time https://t.co/yKcoHOIsnj 2 Ledac bills up for final approval https://t.co/oyluFgqSGO ‘Senate shakeup likely if impeachment blocked’ https://t.co/kNJrbSLgnN 7,300 cops to secure Asean summit https://t.co/yweGTuVqFS DA moves to stabilize palay prices https://t.co/V8QzO0YvzT 18 Pinoy seafarers in Manila after refusing Hormuz passage https://t.co/KtpQhx2j90",https://x.com/PhilippineStar/status/2051080026788184410,0,,,,
Jaushi,2051095066098139238,2026-05-04 08:22:25,TheManilaTimes,en,2026-05-04 AM,train,THE Department of Environment and Natural Resources (DENR) on Sunday said that it is investigating the cause of the Navotas landfill fire. https://t.co/xPhPvi2NaL,https://x.com/TheManilaTimes/status/2051095066098139238,0,,,,
Jaushi,2051255517473824842,2026-05-04 19:00:00,MMDA,tl,2026-05-04 PM,train,"Illegal parking, street parking, at mga colorum ang tinarget ng Swift Traffic Action Group (STAG) sa operasyon nito sa dalawang Mabuhay Lane Route ngayong araw. Partikular na sinuyod ng grupo ang Route 11 at 12 o ang kahabaan ng EDSA, Aurora Blvd. (Tramo), Andrews Ave., PITX, Roxas Blvd., Pasay Taft, at Macapagal. Nasa 33 ang nahuli sa non-contact apprehension habang 49 naman ang sa physical apprehension. Tatlo naman ang impounded. Huwag mag-park sa kalsada at mga ipinagbabawal na lugar para iwas-huli, iwas-abala. #mmda #STAG",https://x.com/MMDA/status/2051255517473824842,0,,,,
Jaushi,2051809729903567069,2026-05-06 07:42:15,TheManilaTimes,en,2026-05-06 AM,train,"SEN. Bong Go visited Barangay 264 in Tondo, Manila, on Sunday, May 3, to check on families affected by the April 30 fire. https://t.co/qRRbnPle5N",https://x.com/TheManilaTimes/status/2051809729903567069,0,,,,
Jaushi,2051830762773852501,2026-05-06 09:05:49,starallsec,en,2026-05-06 AM,train,"$SMPH 🗓 May 06, 2026 📌 Material Information/Transactions 🧾 Signature Series starts Susana Heights transformation ℹ️ (May 06, 2026, Pasay City, Philippines) Signature Series by SM Residences, the premium primary residential brand of SM Prime Holdings, Inc. (SM Prime), is starting the transformation of Susana Heights Village to enhance everyday living and strengthen the estate’s long-term value for residents. The first phase of the estate transformation will focus on the redevelopment of the main clubhouse and the addition of covered tennis courts, an indoor air-conditioned basketball court, a fitness gym, a social hall and a chapel. The enhancements will be rolled out in phases starting in the third quarter of 2026. The relaunch of inventory lots in November 2025 drew strong interest from buyers looking for larger, lot-only properties. Susana Heights Village offers lot cuts ranging from 500 to 900 square meters, making it one of the few mature suburban communities where buyers can build custom homes within an established estate. “We continue to see strong interest in premium, low-density developments despite broader macroeconomic headwinds,” said Jose Juan Jugo, Executive Vice President and Head of Signature Series. The Susana Heights transformation also includes estate-level improvements. Among them is an 8,000-square-meter neighborhood retail hub envisioned as the estate’s central lifestyle destination, with a supermarket, banks, a clinic, salons, dining options, a café and a multi-purpose park. Construction of the neighborhood retail strip is targeted to begin in the first quarter of 2027. “These enhancements, together with the estate’s strategic location, will make Susana Heights a more complete and compelling residential community for discerning buyers,” said Jugo. Susana Heights has direct access to the South Luzon Expressway and the Muntinlupa-Cavite Expressway, connecting residents to key business districts in and south of Metro Manila. Improvements to the estate’s main access point are also underway to ease traffic flow and improve accessibility. ### 🔗 Link: https://t.co/ttQndfNIGX",https://x.com/starallsec/status/2051830762773852501,0,,,,
Jaushi,2051831558508826779,2026-05-06 09:08:59,starallsec,en,2026-05-06 AM,train,"$SMPH 🗓 May 06, 2026 📌 Press Release 🧾 PRESS RELEASE Signature Series starts Susana Heights transformation ℹ️ (May 06, 2026, Pasay City, Philippines) Signature Series by SM Residences, the premium primary residential brand of SM Prime Holdings, Inc. (SM Prime), is starting the transformation of Susana Heights Village to enhance everyday living and strengthen the estate’s long-term value for residents. The first phase of the estate transformation will focus on the redevelopment of the main clubhouse and the addition of covered tennis courts, an indoor air-conditioned basketball court, a fitness gym, a social hall and a chapel. The enhancements will be rolled out in phases starting in the third quarter of 2026. The relaunch of inventory lots in November 2025 drew strong interest from buyers looking for larger, lot-only properties. Susana Heights Village offers lot cuts ranging from 500 to 900 square meters, making it one of the few mature suburban communities where buyers can build custom homes within an established estate. “We continue to see strong interest in premium, low-density developments despite broader macroeconomic headwinds,” said Jose Juan Jugo, Executive Vice President and Head of Signature Series. The Susana Heights transformation also includes estate-level improvements. Among them is an 8,000-square-meter neighborhood retail hub envisioned as the estate’s central lifestyle destination, with a supermarket, banks, a clinic, salons, dining options, a café and a multi-purpose park. Construction of the neighborhood retail strip is targeted to begin in the first quarter of 2027. “These enhancements, together with the estate’s strategic location, will make Susana Heights a more complete and compelling residential community for discerning buyers,” said Jugo. Susana Heights has direct access to the South Luzon Expressway and the Muntinlupa-Cavite Expressway, connecting residents to key business districts in and south of Metro Manila. Improvements to the estate’s main access point are also underway to ease traffic flow and improve accessibility. ### 🔗 Link: https://t.co/1ylhP9QY97",https://x.com/starallsec/status/2051831558508826779,0,,,,
Jaushi,2051831813526724932,2026-05-06 09:10:00,UNTVNewsRescue,tl,2026-05-06 AM,train,Pansamantalang magshi-shift muna sa online classes ang mga estudyante na gumagamit ng Main Academic Bldg ng Polytechnic University of the Philippines o PUP Sta. Mesa Campus. Ito ay matapos na sumiklab ang sunog kahapon sa isa sa mga gusali ng PUP Manila. https://t.co/257MRbsp1e,https://x.com/UNTVNewsRescue/status/2051831813526724932,0,,,,
Jaushi,2051833281646358799,2026-05-06 09:15:50,AusAmbPH,en,2026-05-06 AM,train,"Manila-born Captain Jeffrey Correa is proud to serve in the Philippines for BALIKATAN 2026 as an @AustralianArmy Nursing Officer. Leading a field hospital during the 🇦🇺🇵🇭🇺🇸🇳🇿 live fire exercise, he says “Filipino hospitality is about welcoming people into your heart."" https://t.co/xS67qdVn2B",https://x.com/AusAmbPH/status/2051833281646358799,0,,,,
Jaushi,2051853231069045148,2026-05-06 10:35:06,ABSCBNNews,en,2026-05-06 AM,train,"LOOK: Navotas Mayor John Rey Tiangco briefs the MMDA and other LGUs on efforts to extinguish the Navotas Sanitary Landfill fire, which has affected air quality in Metro Manila and Bulacan since it started last April 10. | via @andietagz https://t.co/eXvb6HARZU",https://x.com/ABSCBNNews/status/2051853231069045148,0,,,,
Jaushi,2051930017639059842,2026-05-06 15:40:13,gmanews,en,2026-05-06 PM,train,"The fire that hit the sanitary landfill in Navotas City is now around 80% contained, the Metropolitan Manila Development Authority (MMDA) said on Wednesday. READ: https://t.co/34EqErGUCf https://t.co/cOyoOtFS0P",https://x.com/gmanews/status/2051930017639059842,0,,,,
Jaushi,2051931751564624229,2026-05-06 15:47:07,MMDA,en,2026-05-06 PM,train,"The Metro Manila Disaster Risk Reduction and Management Council (MMDRRMC) convened today to provide a status update on the Navotas Sanitary Landfill fire incident, reporting that the fire is now 79.6% contained. Read more: https://t.co/c6dEMMNjbX #mmda #mmdaatyourservice https://t.co/BttjDSl5OE",https://x.com/MMDA/status/2051931751564624229,0,,,,
Jaushi,2051945439335747655,2026-05-06 16:41:30,radarph_media,en,2026-05-06 PM,train,"A doctor and fitness enthusiast Fit Francis shares his collision encounter with a Green GSM taxi driver at Aurora Boulevard in Cubao, Quezon City. He also shares about how he assessed the driver and attempted to save him. While Francis was near the stoplight, he noticed that someone bumped into the back of his car. Afterwards, he checked on the vehicle and assessed the situation. ""Pagbaba ko, nakita ko yung sasakyan. Ano 'to yung green taxi, yung EV. Nakita ko paatras siya, kaya sabi ko 'hala tatakbuhan pa ata ako nito.' Tapos na-realize ko, medyo malayo na yung inaatrasan niya hanggang meron na siyang naatrasang isang sasakyan,"" Francis said. He saw the driver's body unconsciously lying at the passenger seat, saying that the driver had a myocardial infarction (or heart attack) and acute coronary syndrome, a condition caused by sudden, reduced blood flow to the heart. After seeking help from the ambulance and the police, he made chest compressions to the driver—making him temporarily conscious on their way to the hospital. The driver requested to call his children to ask about his condition, however, he eventually passed away. Francis adds that the accident serves as a lesson for all medical doctors. ""Siguro para ma-share na rin sa lahat ng mga doctors, na di natin alam kung kailan tayo tatawagin ng situation para gawin yung training na meron tayo,"" he added. Report by Gwyneth Nolasco #radarPH",https://x.com/radarph_media/status/2051945439335747655,0,,,,
Jaushi,2051951877634613664,2026-05-06 17:07:05,NDRRMC_OpCen,en,2026-05-06 PM,train,"DISASTER RESPONSE UPDATE| 𝐌𝐌𝐃𝐑𝐑𝐌𝐂 𝐑𝐄𝐏𝐎𝐑𝐓𝐒 𝟕𝟗.𝟔% 𝐂𝐎𝐍𝐓𝐀𝐈𝐍𝐌𝐄𝐍𝐓 𝐎𝐅 𝐍𝐀𝐕𝐎𝐓𝐀𝐒 𝐒𝐀𝐍𝐈𝐓𝐀𝐑𝐘 𝐋𝐀𝐍𝐃𝐅𝐈𝐋𝐋 𝐅𝐈𝐑𝐄 The Metro Manila Disaster Risk Reduction and Management Council (MMDRRMC) convened today to provide a status update on the Navotas Sanitary Landfill fire incident, reporting that the fire is now 79.6% contained. In a press briefing, MMDA Chairman and concurrent MMDRRMC head Atty. Don Artes said the discussion focused on the situation on the ground, ongoing actions, and the equipment being utilized to effectively address the issue. “Moving forward, the incident will serve as a learning experience to improve preparedness and response capabilities,” Artes stressed. President Ferdinand Marcos Jr. instructed Department of National Defense (DND) Secretary Gilberto Teodoro Jr. to seek technical assistance from foreign partners, including expert teams from Japan and the United States, to address the Navotas Sanitary Landfill fire. “The DND chief reached out to our foreign partners, who promptly responded and committed to providing continued support for the needs of Navotas,” said Special Envoy for Disaster Risk Reduction and Management (DRRM) Maria Antonia Yulo-Loyzaga. For his part, Navotas City Mayor John Rey Tiangco expressed his gratitude to the MMDA for convening the meeting. “I am thankful to Chairman Artes for convening this meeting. To provide a status update, the Department of Environment and Natural Resources (DENR) reported that the air quality index in Metro Manila remains within acceptable or normal levels despite the recent incident involving the sanitary landfill. Additionally, we are utilizing a drone with thermal imaging capability to assess the possibility of ignition within the 44-hectare site,” Tiangco said. The mayor explained that the closure and rehabilitation plan had not been implemented by the operator, constituting violations of the conditions stipulated in the Environmental Compliance Certificate (ECC). Metro Manila Council President and San Juan City Mayor Francis Zamora commended the Navotas LGU for its swift action to contain the fire. “We understand how severe the situation in Navotas has been. It should serve as a lesson for us to be more prepared instead of merely reacting,” Zamora said. The NSLF Task Group, led by the local government unit of Navotas, continues to conduct fire suppression operations through soil covering, smothering, and misting. The fire at the Navotas Sanitary Landfill began on April 10, and continuous to be actively managed. Among the agencies assisting in the operations are the Office of Civil Defense (OCD), Department of Public Works and Highways (DPWH), Department of Transportation (DOTr), DENR-Environmental Management Bureau, and MMDA. Source: MMDA https://t.co/f9jDgXFbjq #NDRRMC #BawatSegundoMahalaga #MMDA #mmdaatyourservice",https://x.com/NDRRMC_OpCen/status/2051951877634613664,0,,,,
Jaushi,2051973524974448640,2026-05-06 18:33:06,leshielsaysum,tl,2026-05-06 PM,train,"heading to cubao and just saw this at balintawak-edsa kanina. buti wala kaming sunog pupuntahan, kase yung duo4lyf pa lang sobrang hot na ih. so proud of you #mikbrent ang ganda ng billboard. thank you @PENSHOPPE legit para kang tinititigan ni @brentymanalo while on the road. https://t.co/8D1REnA03m",https://x.com/leshielsaysum/status/2051973524974448640,0,,,,
Jaushi,2051973528782872762,2026-05-06 18:33:07,BalitaNgayonFB,tl,2026-05-06 PM,train,"“PAANO NAKAPAGLABAS NG ₱75 MILLION NA NAKA-MALETA?” Ito ang reaksyon ni dating Comelec at COA Commissioner Atty. Rowena Guanzon kaugnay ng kontrobersiyal na ₱350 milyong extortion case na kinasasangkutan ng inarestong PGMN founder na si Franco Mabanta kay dating House Speaker Martin Romualdez. Sa kanyang social media post, kinuwestiyon ni Guanzon ang ulat na umano’y may ₱75 milyong naibigay bilang paunang bayad sa extortion operation. “Kala ko naka freeze ang mga pera at ari-arian ni Martin Looter King?” “Paano nakapaglabas ng 75 Million na naka-male maleta? Literal na MALE MALETANG PERA talaga ha, ano yun coins only?” Kinuwestiyon din ni Guanzon ang umano’y pinagmulan ng malaking halaga ng pera habang hinihintay pa umano niya ang kabuuang detalye ng kaso. “Hindi ko pa alam ang full picture sa extortion daw dahil mamaya pa ang prescon ng NBI at di pa nakakapagsalita ang mga abogado ni Franco.” Inamin din ni Guanzon na nagkaroon siya ng programa sa Peanut Gallery Media Network (PGMN), ngunit iginiit niyang hindi umano siya makikipagkompromiso kay Romualdez. “Nagka programa ako sa PGMN, totoo pero never ako makikipagcompromise kay Martin Looter hanggang dulo dahil sagad sa buto ang kasamaan ng tao na ‘yan!” “Na sa tuwing may malakas na bagyo at tataas na naman ang mga tubig dahil ghost nga ang flood control project na sana ay poprotekta sa taumbayan sa baha ay maraming buhay ang nawala, mga ari-arian na pinaghirapan ng ordinaryong Pilipino ang nasira. Mga alagang hayop ang namatay dahil sa kasakiman nila sa salapi.” “Sobrang dami ng pera pero kulang pa rin.” Dumating ang naturang pahayag matapos arestuhin ng National Bureau of Investigation (NBI) si Franco Mabanta at ilan pa niyang kasamahan sa isang entrapment operation sa Pasig City kaugnay ng umano’y tangkang pangingikil ng ₱350 milyon kay dating House Speaker Martin Romualdez. Ayon sa mga awtoridad, hinihingi umano ni Mabanta ang naturang halaga kapalit ng hindi pagpapalabas ng isang video na umano’y nag-uugnay kay Romualdez sa kontrobersiya ng flood control projects.",https://x.com/BalitaNgayonFB/status/2051973528782872762,0,,,,
Jaushi,2051998970608849338,2026-05-06 20:14:13,QCGov,tl,2026-05-06 PM,train,"Summer na, galaw na tayo, QCitizens! 🏊‍♂️⚽️🛹 Ngayong bakasyon, hatid ng Quezon City ang Bakasyong Sulit: QC Summer Activities for Youth and Children—na may libreng activities tulad ng swimming, football, at skateboarding! 🌞✨ Matuto ng bagong skills, mag-build ng confidence, at makahanap ng bagong barkada habang active at healthy ngayong summer. 💪 Bawas muna sa screen time at doomscrolling—oras na para gumalaw, matuto, at magsaya! 📵 Mag-register sa link na ito: https://t.co/bbPB7mQnTF 📌 Reminders: • Activities are age-specific—please check eligibility per program • Limited slots only • Strictly no walk-ins—for registered participants only • Submission of the form does not guarantee a slot (wait for confirmation) Kitakits sa pools, fields, at skate areas, QCitizens! 🙌 Para sa registration at inquiries, maaaring makipag-ugnayan sa: Office of the City Administrator – QC Sports 📞 89223227 📍 Para sa activities sa Amoranto: 📞 8374-2593 📱 0917-1373563 / 0960-4162094 Tingnan ang iba pang summer activities na maaari ninyong salihan dito: Quezon City Public Library: https://t.co/90aicfPLeD QC Tourism Department: https://t.co/j13f9UmoqQ Quezon City Sports Development Office: https://t.co/VVMBIFNdwC All aboard Expo 2026: https://t.co/Lfz65TWTpj Quezon City Fire District: https://t.co/fPG1Rl8PmG Rosario Maclang Bautista General Hospital (RMBGH): https://t.co/M27vH5ZWtk Quezon City Disaster Risk Reduction and Management Office: https://t.co/CpiAIbKHcJ #QCSummerActivities2026",https://x.com/QCGov/status/2051998970608849338,0,,,,
Jaushi,2052644936324132995,2026-05-08 15:01:03,QCGov,tl,2026-05-08 PM,train,"Hanap niyo ba ay productive at insightful na activities ngayong bakasyon? Sign niyo na 'to para sumali! ⛅️📚💯 Sa pangunguna ng Quezon City Youth Development Office (QCYDO), handog namin ang mga programa na swak para mas ma-develop ang skills, talent, at confidence ng mga kabataang QCitizen this summer season. 🚀 🌧️ Oplan Kontra Baha Sessions Tara at sumali sa interactive outdoor activities sa ating komunidad para maging handa at ligtas sa darating na tag-ulan! ✍️ Writing and Publishing Workshop Kung nasa ""author era"" ka, ilabas mo na ang main character at supporting characters sa creative stories mo! 🧳 Youth Entrepreneurship for Child in Conflict with the Law (CICL) New opportunities at fresh beginnings ang naghihintay dito para sa mga CICL tungo sa mas maliwanag na kinabukasan. Don’t miss this chance to learn more, grow, and thrive in Quezon City! 💙❤️ Para sa karagdagang impormasyon, maaaring makipag-ugnayan sa Quezon City Youth Development Office (QCYDO): 📍 7th Floor, Civic Center Building A, Quezon City Hall Compound, Diliman, Quezon City 📞 8988 4242 | Loc. 8707, 8738 📧 qcydo@quezoncity.gov.ph 🌐 https://t.co/RgBs6EaeoA Tingnan ang iba pang summer activities na maaari ninyong salihan dito: Quezon City Public Library: https://t.co/90aicfPLeD QC Tourism Department: https://t.co/j13f9UmoqQ Quezon City Sports Development Office: https://t.co/VVMBIFNdwC All aboard Expo 2026: https://t.co/Lfz65TWTpj Quezon City Fire District: https://t.co/fPG1Rl8PmG Rosario Maclang Bautista General Hospital (RMBGH): https://t.co/M27vH5ZWtk Quezon City Disaster Risk Reduction and Management Office: https://t.co/CpiAIbKHcJ Office of the City Administrator and Amoranto Sports Complex: https://t.co/UmCvsvnY4f Traffic and Transport Management Department: https://t.co/8BjPQ9luVi Department of Public Order and Safety: https://t.co/cN5e0pT5qW #QCSummerActivities2026",https://x.com/QCGov/status/2052644936324132995,0,,,,
Jaushi,2052647198085755266,2026-05-08 15:10:03,dzbb,tl,2026-05-08 PM,train,"Tinatayang nasa 20 na pamilya na umano'y informal settlers, apektado ng sunog na sumiklab sa Pinagpala compound, Lakandula street, Brgy. 66, Pasay City; naiwang kandila, posibleng pinagmulan ng sunog, ayon kay Brgy Chairman Lennon Tawat. 🎥@nimfaravelo https://t.co/2xZPyXBfA5",https://x.com/dzbb/status/2052647198085755266,1,closure,"Lakandula street, Brgy. 66, Pasay City",,
Jaushi,2052661026731225120,2026-05-08 16:05:00,MMDA,en,2026-05-08 PM,train,"𝐓𝐑𝐀𝐅𝐅𝐈𝐂 𝐀𝐃𝐕𝐈𝐒𝐎𝐑𝐘: Maynilad Water Services will undertake weekend restoration and reblocking activities along Tandang Sora from Mindanao Avenue to General Avenue Westbound, Quezon City from May 8-11. The activities will be conducted during night-time only, from 11:00 PM to 5:00 AM. Motorists are advised to take alternate routes and allow extra travel time. #mmda",https://x.com/MMDA/status/2052661026731225120,1,roadwork,"Tandang Sora from Mindanao Avenue to General Avenue Westbound, Quezon City",,
Jaushi,2052710374651121692,2026-05-08 19:21:05,MMDA,tl,2026-05-08 PM,train,"Isa ang Metropolitan Manila Development Authority (MMDA) sa mga ahensiya na kinilala ng Department of Education (DepEd) sa ginanap na Partners' Appreciation Program ngayong araw sa Mandaluyong City. Nakibahagi si MMDA Chairman Atty. Don Artes sa seremonya sa temang ""Partnerships that endure. Reforms that last."" Sa pangunguna ni Education Secretary Sonny Angara, pinasalamatan niya ang ang mga tapat at matagal nang katuwang ng DepEd na tumutulong sa pagtataguyod ng de-kalidad na edukasyon sa Pilipinas. Nagsilbi namang panauhing pandangal si Mandaluyong City Mayor Menchie Abalos sa aktibidad. Taon-taon, katuwang ng DepEd ang MMDA sa Oplan Balik Eskwela kung saan sinisimulan ang paglilinis at pag-aayos ng mga paaralan bilang paghahanda sa pagbubukas ng klase; pag-deploy ng mga traffic personnel sa mga pangunahing lansangan malapit sa mga paaralan o school zones; pagpapanatili ng disiplina sa kalsada at pagtiyak sa kaligtasan ng mga mag-aaral na tumatawid o naglalakad malapit sa mga paaralan; at pagpapalaganap ng mahahalagang impormasyon at anunsyo mula sa kagawaran. #mmda #mmdaatyourservice",https://x.com/MMDA/status/2052710374651121692,0,,,,
Jaushi,2052711507562233887,2026-05-08 19:25:35,MMDA,tl,2026-05-08 PM,train,"Isa ang Metropolitan Manila Development Authority (MMDA) sa mga ahensiya na kinilala ng Department of Education (DepEd) sa ginanap na Partners' Appreciation Program ngayong araw sa Mandaluyong City. Nakibahagi si MMDA Chairman Atty. Don Artes sa seremonya sa temang ""Partnerships that endure. Reforms that last."" Sa pangunguna ni Education Secretary Sonny Angara, pinasalamatan niya ang ang mga tapat at matagal nang katuwang ng DepEd na tumutulong sa pagtataguyod ng de-kalidad na edukasyon sa Pilipinas. Nagsilbi namang panauhing pandangal si Mandaluyong City Mayor Menchie Abalos sa aktibidad. Taon-taon, katuwang ng DepEd ang MMDA sa Oplan Balik Eskwela kung saan sinisimulan ang paglilinis at pag-aayos ng mga paaralan bilang paghahanda sa pagbubukas ng klase; pag-deploy ng mga traffic personnel sa mga pangunahing lansangan malapit sa mga paaralan o school zones; pagpapanatili ng disiplina sa kalsada at pagtiyak sa kaligtasan ng mga mag-aaral na tumatawid o naglalakad malapit sa mga paaralan; at pagpapalaganap ng mahahalagang impormasyon at anunsyo mula sa kagawaran. #mmda #mmdaatyourservice",https://x.com/MMDA/status/2052711507562233887,0,,,,
Jaushi,2052720260965388295,2026-05-08 20:00:22,inquirerdotnet,en,2026-05-08 PM,train,"A driver of an electric taxi fleet was personally apprehended by Land Transportation Office (LTO) Chairperson Markus Lacanilao for evading traffic enforcers after allegedly driving recklessly in Quezon City, the agency said on Friday. READ MORE: https://t.co/9F9N4YS88Y https://t.co/35OlTvYlPS",https://x.com/inquirerdotnet/status/2052720260965388295,0,,,,
Jaushi,2052724800611831844,2026-05-08 20:18:24,QCGov,tl,2026-05-08 PM,train,"Tuloy-tuloy ang BAKASYONG SULIT PARA KAY BULILIT dito sa QC! 🌞🍃 Bukod sa luntiang parke at mayamang kasaysayan, handog ng Quezon Memorial Circle ang iba-ibang summer activities para sa mga kabataan. 🏞️ Kung mahilig ka sa sports, go na sa ating badminton, chess, at arnis clinics! 🏸♟️ Pero kung hanap mo naman ay creative at outdoor fun, mayroon tayong kite-making demonstration at art and sketching workshop! 🎨🪁 ✅ Bukas ang lahat ng ito para sa mga batang edad 7-15 taong gulang. 📌 Paalala: Required ang pre-enlistment sa pamamagitan ng Quezon Memorial Circle Administration Office (QMCAO). Antabayanan ang iba pang updates at detalye sa Quezon Memorial Circle official Facebook page. Ano pang hinihintay niyo? Sali na, QCitizens! ✨ Para sa karagdagang impormasyon, maaaring makipag-ugnayan sa Quezon Memorial Circle Administration Office: 📍Elliptical Road, Diliman, 1100 Quezon City 📞 8731-8391 📧 QMC@quezoncity.gov.ph 🌐 https://t.co/9xIAz6RvAZ Tingnan ang iba pang summer activities na maaari ninyong salihan dito: Quezon City Public Library: https://t.co/90aicfPLeD QC Tourism Department: https://t.co/j13f9UmoqQ Quezon City Sports Development Office: https://t.co/VVMBIFNdwC All aboard Expo 2026: https://t.co/Lfz65TWTpj Quezon City Fire District: https://t.co/fPG1Rl8PmG Rosario Maclang Bautista General Hospital (RMBGH): https://t.co/M27vH5ZWtk Quezon City Disaster Risk Reduction and Management Office: https://t.co/CpiAIbKHcJ Office of the City Administrator and Amoranto Sports Complex: https://t.co/UmCvsvnY4f Traffic and Transport Management Department: https://t.co/8BjPQ9luVi Department of Public Order and Safety: https://t.co/cN5e0pT5qW Quezon City Youth Development Office (QCYDO): https://t.co/TyhtFKAvxY #QCSummerActivities2026",https://x.com/QCGov/status/2052724800611831844,0,,,,
Jaushi,2052727716915360232,2026-05-08 20:30:00,manilabulletin,en,2026-05-08 PM,train,"The Pasay City Traffic and Parking Management Office (TPMO) advised motorists to expect temporary road closures early Saturday morning, May 9, as traffic rerouting will be implemented for the staging of the “Popeye Fun Run 2026.” https://t.co/oKF7GYEH1B",https://x.com/manilabulletin/status/2052727716915360232,0,,,,
Jaushi,2053641065807425766,2026-05-11 08:59:19,manilabulletin,en,2026-05-11 AM,train,"A residential fire in Taguig City destroyed five houses and caused an estimated P600,000 in damage on Saturday, May 9. https://t.co/wlRCjlxwtD",https://x.com/manilabulletin/status/2053641065807425766,0,,,,
Jaushi,2053650750551753004,2026-05-11 09:37:48,manilabulletin,en,2026-05-11 AM,train,"About 60 families, consisting of around 180 individuals, were displaced after a fire broke out in a residential area in Parañaque City on Sunday afternoon, May 10. https://t.co/sfxL3lWTO6",https://x.com/manilabulletin/status/2053650750551753004,0,,,,
Jaushi,2053662516027531286,2026-05-11 10:24:33,mnlstandardph,en,2026-05-11 AM,train,"President Ferdinand Marcos Jr. on Sunday ordered continuous round-the-clock monitoring in Navotas following efforts to extinguish the landfill fire, including air and water quality checks, thermal scanning, and health monitoring for affected residents and responders. Read more: https://t.co/YXq7sACF9y",https://x.com/mnlstandardph/status/2053662516027531286,0,,,,
Jaushi,2053792237885214897,2026-05-11 19:00:01,MMDA,tl,2026-05-11 PM,train,"EDSA, Caloocan, at Maynila ang ilan sa pinuntahan ng mga tauhan ng Swift Traffic Action Group sa operasyon nito ngayong araw, Mayo 11. Sinuyod ng grupo ang EDSA, A. De Jesus, 8th St., C-3 Caloocan, R-10, Mel Lopez Blvd., Roxas Blvd., PICC< Panaderos St. Sta Ana, at Gil Puyat, Paco kontra illegal parking. Umabot ng 43 ang naisyuhan ng ticket sa pamamagitan ng physical apprehension habang 11 naman ang sa non-contact apprehension. #mmda #STAG",https://x.com/MMDA/status/2053792237885214897,0,,,,
Jaushi,2054314838562615558,2026-05-13 05:36:39,gmanews,tl,2026-05-13 AM,train,"52-anyos na lalaki na tumulong sa pagapula sa nasusunog na bahay ng kaniyang kapatid, nasawi matapos ma-suffocate sa sunog sa Brgy. Pasong Putik, Quezon City ngayong madaling araw ng Miyerkoles, May 13. Ayon sa BHERT ng Pasong Putik, naisugod pa ang lalaki sa ospital pero idineklarang dead on arrival. Iniimbestigahan pa ng Quezon City Fire District ang sanhi ng apoy na tumupok sa 15 bahay. Umabot sa 25 pamilya ang naapektuhan. Tuluyang naapula kaninang 2:52 AM ang sunog na nagsimula pasado ala una ng madaling araw. | via James Agustin/GMA News",https://x.com/gmanews/status/2054314838562615558,1,closure,"Brgy. Pasong Putik, Quezon City",,
Jaushi,2054320721665392949,2026-05-13 06:00:02,theydied4us,en,2026-05-13 AM,train,"Hero of the Month - LCDR Radcliffe “Pete” Denniston Jr., USN Lieutenant Commander Radcliffe “Pete” Denniston Jr. was born on February 5, 1916, in Wauwatosa, Wisconsin. A graduate of Lawrence College, he entered the Navy as an aviation cadet in 1936 and trained at Pensacola, Florida before joining Torpedo Squadron Five (VT-5) aboard the USS Yorktown (CV-5). When the Pacific front of WWII opened, Denniston participated in strikes against the Gilbert and Marshall Islands, Salamaua, Lae, and Tulagi. His most distinguished actions came during the Battle of the Coral Sea in May 1942, where he successfully scored torpedo hits on two Japanese carriers while facing intense anti-aircraft fire and enemy fighter opposition. For his extraordinary heroism during the attacks at Tulagi Harbor and Coral Sea, he was awarded the Navy Cross. Following the battle of Coral Sea, Denniston returned to Fort Lauderdale, Florida as an instructor and later became chief flight instructor. On September 25, 1943, he assumed command of Torpedo Squadron Eleven (VT-11). During his second combat tour, he took part in missions against Okinawa, Formosa, Luzon, Leyte, and the Second Battle of the Philippine Sea. On November 13, 1944, while leading a glide-bombing attack against enemy shipping in Manila Harbor, his aircraft encountered heavy anti-aircraft fire. Denniston’s final transmission was: “Plane hit, am going in.” He was never seen again. LCDR Denniston is buried at the ABMC Manila American Cemetery in the Philippines. Your donation to ABMF helps preserve the memories of those who fought and died so we can live as free people. https://t.co/xsExHblXKi",https://x.com/theydied4us/status/2054320721665392949,0,,,,
Jaushi,2054324154342728078,2026-05-13 06:13:40,ABSCBNNews,tl,2026-05-13 AM,train,"Nabulabog ang pagtulog ng mga residente ng Bgy. Pasong Putik, Quezon City dahil sa sumiklab na sunog sa residential area sa panulukan ng Bautista at Everlasting Streets, pasado 1 a.m. ngayong Miyerkules, Mayo 13. Umabot sa ikatlong alarma ang sunog na idineklarang ""fire out"" ng BFP pasado alas-3 ng madaling araw. Inaalam pa ang sanhi ng sunog at bilang ng mga pamilyang naapektuhan. | via @punongmhistrado",https://x.com/ABSCBNNews/status/2054324154342728078,1,closure,"Bgy. Pasong Putik, Quezon City",,
Jaushi,2054370210908639404,2026-05-13 09:16:41,gmanews,en,2026-05-13 AM,train,A 52-year-old man died after assisting neighbors in controlling the fire that razed homes in Barangay Pasong Putik in Quezon City. Read more: https://t.co/uu5fHmRssw,https://x.com/gmanews/status/2054370210908639404,0,,,,
Jaushi,2054385903079215129,2026-05-13 10:19:02,mnlstandardph,en,2026-05-13 AM,train,"IN PHOTOS: Department of Public Works and Highways Secretary Vince Dizon, together with Manila City Mayor Isko Moreno, will inspect the newly completed road and drainage improvement along the northbound lane of Taft Avenue from UN Avenue to Ayala Avenue. The project includes the construction of larger drainage pipes measuring 1.5-meters in diameter, replacing the old 0.61-meter drainage. The upgrade will reduce flooding along Taft Avenue, particularly from TM Kalaw to Ayala Boulevard. 📸: Norman Cruz",https://x.com/mnlstandardph/status/2054385903079215129,0,,,,
Jaushi,2054392800276562425,2026-05-13 10:46:27,ABSCBNNews,tl,2026-05-13 AM,train,"Nasawi ang isang 52-anyos na lalaki na tumulong sa pag-apula ng sunog sa 15 bahay sa Bgy. Pasong Putik, Quezon City, madaling araw ng Miyerkules, Mayo 13. Ayon sa barangay, 25 pamilya ang nawalan ng tirahan sa insidente. | #SelfiePatrol ni @ChrisSitson https://t.co/kAW3WttjQn",https://x.com/ABSCBNNews/status/2054392800276562425,0,,,,
Jaushi,2054466399746314475,2026-05-13 15:38:54,manilabulletin,en,2026-05-13 PM,train,"Motorists can expect lighter traffic along one of Manila's busiest thoroughfares as the drainage improvement project on Bonifacio Drive near Roxas Boulevard is set to wrap up by May 15, according to city officials. https://t.co/S3QYeCj8W4",https://x.com/manilabulletin/status/2054466399746314475,0,,,,
Jaushi,2054482194819608731,2026-05-13 16:41:40,TheManilaTimes,en,2026-05-13 PM,train,"MANILA, Philippines—The Pasay City government and the Traffic and Parking Management Office (TPMO) on Wednesday advised motorists and commuters to avoid J.W. Diokno Boulevard as various groups continue to flock to the Senate following the Senate leadership shake-up and the attemp https://t.co/2GmztFbdMm",https://x.com/TheManilaTimes/status/2054482194819608731,1,rally,J.W. Diokno Boulevard,,
Jaushi,2054484662974910870,2026-05-13 16:51:28,hopemin291013,en,2026-05-13 PM,train,"""Super El Niño"" in Manila PH is no joke, but j-hope in this … is definitely making it feel like 100°C in here. 🌡️🔥 Someone call the fire department because he is TOO HOT! 🚒💨 ctto https://t.co/EQ7xfmiCPk",https://x.com/hopemin291013/status/2054484662974910870,0,,,,
Jaushi,2054488852098924980,2026-05-13 17:08:07,DPWHph,tl,2026-05-13 PM,train,"𝐏𝐀𝐍𝐎𝐎𝐑𝐈𝐍: Bukas na muli ang outer northbound lane ng Taft Ave. sa Ermita, Manila, matapos ang pagpapalawak sa drainage sa lugar para mabilis mapahupa ang baha na taun-taong problema ng mga estudyante, komyuter at mga motorista. Full Story: https://t.co/bjK9mEEPjP https://t.co/ENUdq37KX0",https://x.com/DPWHph/status/2054488852098924980,0,,,,
Jaushi,2054492026889244902,2026-05-13 17:20:44,DPWHph,tl,2026-05-13 PM,train,"𝐓𝐈𝐍𝐆𝐍𝐀𝐍: Bukas na muli ang outer northbound lane ng Taft Ave. sa Ermita, Manila, matapos ang pagpapalawak sa drainage sa lugar para mabilis mapahupa ang baha na taun-taong problema ng mga estudyante, komyuter at mga motorista. Full Story: https://t.co/jHRYpuBmTp https://t.co/lIG4XGY3h5",https://x.com/DPWHph/status/2054492026889244902,0,,,,
Jaushi,2054494666587000840,2026-05-13 17:31:13,kuzokusunoki,en,2026-05-13 PM,train,"lowkey wanna go back to manila, but fuck, the traffic always makes me rethink it.",https://x.com/kuzokusunoki/status/2054494666587000840,0,,,,
Jaushi,2054497100017311851,2026-05-13 17:40:54,mine_stack,in,2026-05-13 PM,train,"Pabrik minyak meledak di Australia. Pabrik pupuk terbakar di Venezuela. Oil refinery hancur di Mexico. Semua dipanggil ""accident."" Tapi kalau yang meledak itu merugikan Amerika — tiba-tiba namanya ""teroris."" Ini bukan soal Iran. Ini end game minyak yang sudah direncanakan sejak 1980-an — dan baru sekarang dieksekusi. Di Manila aku ngobrol langsung dengan tentara Amerika yang konfirmasi ini tanpa harus bilang apapun secara eksplisit. Di video ini aku jelasin siapa 4 superpower yang menentukan arah dunia, kenapa Amerika dan China tidak akan saling hancurkan, kenapa medan perang selalu ada di negara lain, dan satu-satunya cara untuk selamat secara finansial sebelum 2029. DISCLAIMER: Semua informasi dan konten di channel MineStack hanyalah ilustrasi, edukasi umum dan opini saja. Bukanlah nasihat finansial, investasi atau hukum. Pastikan Anda melakukan research sendiri sebelum melakukan tindakan apapun berdasarkan informasi di konten dan channel Kami. Cryptocurrency, dan investasi ke asset apapun, mengandung risiko kehilangan/kerugian modal yang signifikan #Bisnis2026 #Bitcoin2026 #Altseason #Keuangan #crypto2026",https://x.com/mine_stack/status/2054497100017311851,0,,,,
Jaushi,2054532330489061884,2026-05-13 20:00:53,jxllixnx,en,2026-05-13 PM,train,reading news about whats happening at the senate rn while public commuting in the great shitty metro manila traffic.... filipinos are tiredddddd man,https://x.com/jxllixnx/status/2054532330489061884,0,,,,
Jaushi,2055053686246654022,2026-05-15 06:32:34,TheManilaTimes,en,2026-05-15 AM,train,VALENZUELA City Mayor Wes Gatchalian announced Thursday the strict enforcement of traffic and public noise regulations. https://t.co/47cQbLRRwv,https://x.com/TheManilaTimes/status/2055053686246654022,0,,,,
Jaushi,2055087334870364213,2026-05-15 08:46:16,News5PH,tl,2026-05-15 AM,train,FRIDAY BIYAHE Nakipag-commute-stahan si Traffic Tito Mondi Lopez sa mga Kapatid nating bibiyahe sa isang bus terminal sa Pasay. https://t.co/kWJTzZqMw3,https://x.com/News5PH/status/2055087334870364213,0,,,,
Jaushi,2055196721735753850,2026-05-15 16:00:56,ReynScorpio,en,2026-05-15 PM,train,What a humid Friday. On my way to Manila — hoping the traffic is lighter than the weather. 😮‍💨 #PLHIV #PLHIVDiaries https://t.co/Yvt8uQhZFR,https://x.com/ReynScorpio/status/2055196721735753850,0,,,,
Jaushi,2055230174250389524,2026-05-15 18:13:52,manilabulletin,en,2026-05-15 PM,train,"Motorists are advised to expect road closures and traffic rerouting in parts of Manila on Friday, May 16, due to a pop-up event featuring P-pop girl group XONARA. https://t.co/Ux1EjY16PX",https://x.com/manilabulletin/status/2055230174250389524,0,,,,
Jaushi,2055263907955306969,2026-05-15 20:27:55,cbo_channel,en,2026-05-15 PM,train,"FDCP's World Cinema 2026 (₱150) Lineup on Cinematheque Manila, Iloilo, Davao, &amp; Negros this May 22-June 11: - 'It Was Just An Accident' - 'Case 137' - 'Sentimental Value' - 'Sound of Falling' - 'Resurrection' - 'The Blue Trail' - 'The Secret Agent' - 'Don't Tell Mother' https://t.co/ZI5VceREkw",https://x.com/cbo_channel/status/2055263907955306969,0,,,,
Jaushi,2055264484625723895,2026-05-15 20:30:12,AFHF,en,2026-05-15 PM,train,"MAYAGUEZ INCIDENT 1975: Cambodian Communists seized the USS Mayaguez on 12 May in the Gulf of Siam near Koh Tang Island. Afterwards, MAC used 16 C-141s on 30 sorties to airlift 1,165 Marines and 121 tons of cargo from the Philippines and Okinawa to Utapao AB, Thailand. In the operation, hostile fire damaged six helicopters and wounded two airmen. MAC then supported the later redeployment with 14 C-141 and 1 C-5 mission. (Image PD) During efforts to rescue the crew of the USS Mayaguez, Maj Robert W. Undorf , flying an OV-10 Bronco, received the Mackay Trophy for conspicuous gallantry, initiative, and resourcefulness pinpointing the positions of the Marines and directing accurate gunfire from USAF fighters and gunships. This was the last major operation in Southeast Asia.",https://x.com/AFHF/status/2055264484625723895,0,,,,
Jaushi,2056180487451005250,2026-05-18 09:10:04,smninews,tl,2026-05-18 AM,train,"Pinalawig ng DPWH ang full road closure sa bahagi ng MMDA sa northbound lane ng EDSA mula Roxas Boulevard hanggang Taft Avenue, bunsod ng tuloy-tuloy na malakas na pag-ulan nitong mga nakaraang araw. https://t.co/SL8ZArPiDz",https://x.com/smninews/status/2056180487451005250,1,closure,northbound lane ng EDSA mula Roxas Boulevard hanggang Taft Avenue,,
Jaushi,2056268548830622200,2026-05-18 15:00:00,CosplayManiaPH,en,2026-05-18 PM,train,"With so many events cropping up lately, there was genuine concern that Fanfes 2026: 🟡Tranquil Topaz🟡 might suffer a significant drop in attendance. We were surprised that, not only was this not the case, but that the number of attendees on the second day even exceeded that of last year’s! We’d like to thank our special guest @ryukku_k for making the event so special with her presence as well as all the amazing All-Stars that brought their brilliance to the event. We’d also like to thank our sponsors specially Honor of Kings whose Honor of Kings X Attack on Titan booth brought so much joy to the attendees, and filled a hole in our hearts. Thanks also goes to all the exhibitors and artists who brought their amazing products and artworks for everyone to enjoy! We’d also like to thank Space at One Ayala by Ayala Malls for being a gracious host to us, and addressing our concerns as we truly wanted the best for all the event attendees. Thanks also go to Synergy and our staff, who managed to work with the venue limitations to make traffic in the event go smoothly, and to TicketMax for being an outstanding ticketing partner once again. To our hardworking staff, we’re truly grateful for all your amazing work, and for your efforts to adjust to sudden challenges while maintaining the comfort and security of our event attendees. Our biggest thank you goes to all of you who attended! We’re overwhelmed by your support, knowing full well that this season has been packed with competing events, and yet you chose to share your time, effort and joy with us. Thank you for shining bright with us in the second installment of the Prisma Saga! We’re looking forward to seeing you once again at Anime & Cosplay Expo 2026: 🔴Radiant Ruby🔴 on July 18-19, 2026 in Function Rooms 3-5 at the SMX Convention Center Manila, Pasay City. Thank you everyone for your continued support for our events. We’re truly grateful, and we’re looking forward to seeing you again soon! Sincerely, The https://t.co/KmNdIxzx3q Family #cosplay #cosplayph #fanfes2026 #acx2026 #prismasaga",https://x.com/CosplayManiaPH/status/2056268548830622200,1,other,"SMX Convention Center Manila, Pasay City",,
Jaushi,2056868076361334950,2026-05-20 06:42:18,gmanews,tl,2026-05-20 AM,val,"BABALA: Sensitibong balita na may kinalaman sa pagkasawi. Maging disente sa pagkomento. Nasawi ang 73-anyos na lalaki na naghihintay sa labas ng tanggapan ng DA-BAI para makabili ng P20 na bigas matapos masalpok ng pick-up sa Visayas Avenue, Quezon City bago mag-4 AM. Naisugod pa ang biktima sa ospital pero nasawi kalaunan. Sugatan din ang lalaking nagtitinda sa bangketa. Nasa kustodiya na ng QCPD Traffic Sector 6 ang driver ng pick-up na tumangging magbigay ng pahayag. | via @_jamesJA Bisitahin ang https://t.co/bAMF9JOAN0 para sa iba pang updates.",https://x.com/gmanews/status/2056868076361334950,0,,,,
Jaushi,2056881396166312314,2026-05-20 07:35:14,ABSCBNNews,tl,2026-05-20 AM,val,"Babala: Sensitibong ulat Patay ang isang 73-anyos na senior citizen na nakapila para bumili ng bigas habang sugatan ang isang tindero matapos salpukin ng pickup truck sa harap ng DA-BAI sa Visayas Avenue, Quezon City, madaling araw ng Miyerkules, Mayo 20. Tumangging magpahayag ang driver na nasa kustodiya na ngayon ng QCPD Traffic Sector 6. | via @Beatrice_Cuadra",https://x.com/ABSCBNNews/status/2056881396166312314,0,,,,
Jaushi,2056891710173786405,2026-05-20 08:16:13,PhilippineStar,en,2026-05-20 AM,val,"METRO HEADLINES (Wednesday, May 20, 2026) Subscribe to the paper: https://t.co/CroExEonHH PNP chief tells cops: Ignore political noise https://t.co/We8i0lJo7Z 2 House lawmakers resign https://t.co/W9lMEVuZy8 141,724 drivers to get P10/liter subsidy https://t.co/f0m3RL1Hw3 Marikina opens shoe bazaar https://t.co/n2fLGxwqsc Raps vs Quezon City cop in C5 traffic row junked https://t.co/RQqokre2wZ âChinese fraudster not linked to Manila governmentâ https://t.co/bmJ6xIp0BQ",https://x.com/PhilippineStar/status/2056891710173786405,0,,,,
Jaushi,2056897915013177822,2026-05-20 08:40:52,JervisManahan,en,2026-05-20 AM,val,"President @bongbongmarcos will be inspecting a flood control project in Quezon City to ensure this will alleviate flooding in Araneta Avenue. This comes as the country heads into the rainy season, where flooding is once again expected. @ABSCBNNews https://t.co/qXiM8yHmNS",https://x.com/JervisManahan/status/2056897915013177822,0,,,,
Jaushi,2056898180155937185,2026-05-20 08:41:56,dzrhnews,tl,2026-05-20 AM,val,"LOOK: Wasak ang harapan ng sasakyan na nakabangga sa senior citizen na nasawi habang nakapila para sa â±20 na bigas sa Quezon City. Kasalukuyan nang nasa kustodiya ng QCPD Traffic Sector 6 ang driver. | via Val Gonzales, DZRH News https://t.co/vIvBF0eFQx",https://x.com/dzrhnews/status/2056898180155937185,0,,,,
Jaushi,2056904569599479925,2026-05-20 09:07:19,ABSCBNNews,en,2026-05-20 AM,val,"President Ferdinand Marcos Jr. will be inspecting a flood control project in Quezon City to ensure this will alleviate flooding in Araneta Avenue. This comes as the country heads into the rainy season, where flooding is once again expected. | via @JervisManahan https://t.co/dvMgHN9iZn",https://x.com/ABSCBNNews/status/2056904569599479925,0,,,,
Jaushi,2056922379696452036,2026-05-20 10:18:05,jesusfalcis,en,2026-05-20 AM,val,"THEY PAVED PARADISE AND PUT UP A SKYWAY I condemn the DENR for allowing the tree-cutting and earth-balling of HUNDREDS OF TREES along Quirino Avenue in Manila City. All of these trees cut. Just to pave the way for the construction of the “Southern Access Link Expressway” (SALEX) by San Miguel Corporation. The SALEX spans a measly 4 kilometers but four elevated lanes. A total of 617 trees will be affected. 617 trees — all of it for just 4 kilometers of an expressway which will never reduce traffic because all expressways have been proven to actually induce demand for automobiles according to empirical research and scientific studies. Hundreds of trees have ALREADY been cut but hundreds more will be cut in the next few days. I call on President Bongbong Marcos, the DENR, SMC, and the City of Manila to stop this madness. SAVE THE TREES! 🌲🌳🪾 #SaveTheTrees Photo credits to ABS-CBN News and Manila Times https://t.co/dcEvYtRbCb",https://x.com/jesusfalcis/status/2056922379696452036,0,,,,
Jaushi,2056932100310446416,2026-05-20 10:56:43,komashkeeyo,tl,2026-05-20 AM,val,"Dahlia daw kay Polong Duterte bakit nasira sa baha yung tulay. Tanong nyo sa dating Cong Maylene Garcia-Albano bakit nasira. Di nyo ba alam ang laki ng Davao City? 4x na Metro Manila, ganyan ka laki ang Davao City. Kala nyo parang Pasig or Quezon City lang! https://t.co/AJN3mYxUBC",https://x.com/komashkeeyo/status/2056932100310446416,0,,,,
Jaushi,2057009276640755871,2026-05-20 16:03:23,mnlstandardph,en,2026-05-20 PM,val,"IN PHOTOS: PBBM with Dpwh Sec. Vince Hizon during the inspection of the G. Araneta Drainage Improvement Project ""Oplan Kontra Baha"" program along E. Rodriguez Sr. Avenue in Quezon City on Wednesday, May 20, 2026. 📸: Revoli Cortez https://t.co/WMwpLjpb9L",https://x.com/mnlstandardph/status/2057009276640755871,0,,,,
Jaushi,2057017597351035064,2026-05-20 16:36:27,ManilaWaterPH,en,2026-05-20 PM,val,"We’re honored to celebrate a global milestone!🎉 The Upper Wawa Dam has been recognized as Water Project of the Year at the 2026 Global Water Awards, highlighting projects that are shaping the future of water worldwide. More than a water supply source, the Upper Wawa Dam plays a critical role in strengthening long-term water security in the East Zone of Metro Manila and Rizal Province by augmenting raw water supply and reducing dependence on a single primary source. It also strengthens climate resilience and serves as a vital flood mitigation measure, helping reduce flooding in Rizal and Marikina City by capturing and storing excess rainfall, protecting communities when it matters most. This recognition reflects what collaboration, innovation, and purpose-driven infrastructure can achieve. Maraming salamat po to everyone who made this possible!💙 #GlobalWaterAwards #UpperWawaDam #ManilaWater #SerbisyongKatubig",https://x.com/ManilaWaterPH/status/2057017597351035064,0,,,,
Jaushi,2057030277394813217,2026-05-20 17:26:50,QCGov,tl,2026-05-20 PM,val,"Kabataang QCitizens, tara na't sulitin ang natitirang araw ng bakasyon! 🌞🎨✨ Kilala man sa pagbibigay ng maayos na trabaho, hindi rin papahuli ang Quezon City Public Employment Service Office (QC PESO) sa paghahatid ng exciting summer activities para sa inyong pagkatuto! 📒💡 Sali na sa kanilang mga inihandang programa: 💼 Special Program for Employment of Students and OSY 👩🏻‍⚖️ Government Internship Program 🌱 Planting Project 🧠 Capacity Development Training for E-Habilin Children and Guardian 🖍️ e-Likha Arts Summer Camp 🎭 e-Hubs Skills Development Activities (Taekwondo, Theatrical Arts, Chess, Table Tennis, Arts and Crafts) Estudyante ka man, Out-of-School youth, o anak ng migrant workers, may space dito para sa'yo! 🫶🏻 Huwag hayaang puro scroll at tulog lang ang ma-achieve bago ang pasukan. Level up your skills, meet new friends, at galaw galaw din! 🚶🏻‍♀️🧩 Kita-kits sa ating summer ganaps, batang QC! 💫 Para sa mga katanungan at iba pang impormasyon, maaaring makipag-ugnayan sa QC Public Employment Service Office: 📍 6th Floor, Civic Center Building A, Quezon City Hall Compound ☎️ 8988-4242 loc. 8435 to 8437 📧 PESO@quezoncity.gov.ph 🌐 https://t.co/ExwfOoVZBP Tingnan ang iba pang summer activities na maaari ninyong salihan dito: Quezon City Public Library (QCPL): https://t.co/90aicfPdp5 QC Tourism Department (QCTD): https://t.co/j13f9UlQBi Quezon City Sports Development Office: https://t.co/VVMBIFMFH4 All aboard Expo 2026: https://t.co/Lfz65TWlzL Quezon City Fire District (QCFD): https://t.co/fPG1Rl8hx8 Rosario Maclang Bautista General Hospital (RMBGH): https://t.co/M27vH5ZoDM Quezon City Disaster Risk Reduction and Management Office (QCDRRMO): https://t.co/CpiAIbK9nb Office of the City Administrator and Amoranto Sports Complex: https://t.co/UmCvsvnqeH Traffic and Transport Management Department (TTMD): https://t.co/8BjPQ9kX5K Department of Public Order and Safety (DPOS): https://t.co/cN5e0pSxBo Quezon Memorial Circle (QMC): https://t.co/r56eiLoUnd Quezon City Youth Development Office (QCYDO): https://t.co/TyhtFKzXIq #QCSummerActivities2026",https://x.com/QCGov/status/2057030277394813217,0,,,,
Jaushi,2057032004756226393,2026-05-20 17:33:42,ValienteNews,tl,2026-05-20 PM,val,"OVP-DOC, NAGSAGAWA NG RELIEF OPERATIONS SA NAIC, CAVITE; TONDO, MANILA; AT PASIG CITY (20 May 2026) Patuloy ang pag-alalay ng Office of the Vice President (OVP) sa pamamagitan ng Disaster Operations Center (DOC) sa mga pamilyang naapektuhan ng krisis at sakuna. Kamakailan, naghatid ang OVP-DOC ng relief bags sa mga mangingisda sa Naic, Cavite, gayundin sa mga pamilyang naapektuhan ng sunog sa Brgy. 121, Tondo, Manila at Brgy. Ilog, Pasig City. Mapapanood din ito sa mga link na ito: YOUTUBE: https://t.co/mpZxe1kRPU FACEBOOK: https://t.co/ih7xTF3dbF #VPSara #OVPDisasterOperationCenter #OVPReliefOperations #MahalinNatinAngPilipinas #ParaSaBayan",https://x.com/ValienteNews/status/2057032004756226393,0,,,,
Jaushi,2057043222145462440,2026-05-20 18:18:16,dzbb,tl,2026-05-20 PM,val,"Senior Citizen party-list Rep. Rodolfo Ordanes, iginiit sa Department of Agriculture ang pagkakaroon ng mas ligtas na lugar para sa bentahan ng murang bigas. Ito ay kasunod ng aksidente sa Visayas Avenue, Quezon City kung saan nasawi ang isang nakapila sa bentahan ng murang bigas matapos mabangga ng sasakyan. | via @Isa_Umali",https://x.com/dzbb/status/2057043222145462440,0,,,,
Jaushi,2057054813846749653,2026-05-20 19:04:20,EwetoEdema,en,2026-05-20 PM,val,"A poor student spent a night with her wealthy boss to pay her brother’s hospital bills, and that decision changed her life forever... Sofía Alvarez had gone two days without sleep. Her younger brother, Julian, was admitted to San Gabriel Medical Center after a motorcycle accident, and with each passing hour, the debt for the emergency surgeries grew. The young woman, a business administration student and intern at Torres & Associates, had tried everything: student loans, salary advances, even selling the few valuable possessions she owned. Nothing was enough. The night before, in a desperate move, she had mustered the courage to request a meeting with the company’s CEO, Alejandro Torres, a man known for his relentless seriousness and obsessive perfectionism. She had never interacted with him beyond polite nods in the elevator. But that night, Alejandro’s gaze changed when he heard Sofía’s trembling voice explaining her situation. Alejandro didn’t respond immediately. He walked to the window of his office, overlooking the glittering city lights of Manila. Then, without looking at her, he said in a tone too cold: — I can help you. But I need something in return. The proposal was clear. Raw. Humiliating. Just one night. A transaction Sofía never imagined accepting. But the image of Julian hooked up to tubes, the doctors pressuring her for decisions, and the absolute lack of options broke her resolve. That night, Sofía set aside her dignity to save her brother. The next morning, she woke up in the businessman’s private apartment. He was still asleep. On the table lay an envelope: the hospital receipt and a short note, written in his impeccable handwriting: — You owe me nothing. Consider this matter closed. Sofía felt a mixture of relief, shame, and anger. She dressed quietly, left the note exactly where she found it, and left without looking back. She thought that would be the end—a chapter buried in the darkest corner of her memory. But it wasn’t. Two weeks later, while preparing reports at the office, she received an email from Human Resources: “Urgent meeting with the CEO. 10:00 AM.” Her heart began to pound so hard she could almost hear it. She feared he wanted to bring up that night—or worse, demand more. She thought about resigning. About running away. About faking illness. She did none of those things. At 10:00 sharp, she entered Alejandro’s office. He looked at her with an expression she had never seen before: a mix of doubt, tension, and… guilt? —Sofía, I need to talk to you, —he said, locking the door behind her. The real twist had not yet begun. PART 2 AND FULL STORY IN THE COMMENT (If you can’t see my comment with 𝐛𝐥𝐮𝐞 𝐭𝐞𝐱𝐭, please follow this instruction: In the comment section pick ""Most relevant"" and switch it to All comments. You’ll see one of my comments with 𝐚 𝐥𝐢𝐧𝐞 𝐨𝐟 𝐛𝐥𝐮𝐞 𝐭𝐞𝐱𝐭—𝐭𝐚𝐩 𝐢𝐭 and it will take you to the full story. Because of Fac//ebo//ok's policy, the l/i/n/k might be removed. Please be patient with us. We will try to update it as soon as possible.).",https://x.com/EwetoEdema/status/2057054813846749653,0,,,,
Jaushi,2057070783621710027,2026-05-20 20:07:47,gmanews,tl,2026-05-20 PM,val,TRIGGER WARNING: Balita tungkol sa pagkamatay. Maging disente sa pagkomento. TINGNAN: Ang pinangyarihan ng aksidente sa pila ng P20 bigas sa Quezon City kaninang madaling araw kung saan isang matandang lalaki ang nasawi. Kasalukuyan nang nasa kustodiya ng pulis ang driver ng SUV na humaharap sa reklamong reckless imprudence resulting in homicide and damage to property. Handa namang magbigay ng tulong ang Department of Agriculture sa pamilya ng biktima. Panoorin ang buong ulat: https://t.co/5TGXi6adJX,https://x.com/gmanews/status/2057070783621710027,0,,,,
Jaushi,2057079845419704626,2026-05-20 20:43:48,JervisManahan,en,2026-05-20 PM,val,"Almost a year since flood control issues unraveled into public eye, President Bongbong Marcos himself inspected a flood control project in Quezon City. He promised residents that the perennial problem of flooding will be alleviated. Report for @TVPatrol. https://t.co/pE79lo2aot",https://x.com/JervisManahan/status/2057079845419704626,0,,,,
Jaushi,2057604799122858078,2026-05-22 07:29:47,PhilippineStar,en,2026-05-22 AM,val,"METRO HEADLINES (Friday, May 22, 2026) Subscribe to the paper: https://t.co/CroExEonHH Survey shows top-performing Metro Manila lawmakers https://t.co/Nz8yXauWxs Caloocan lawmaker faces graft raps https://t.co/qZ6FxCbui2 President Marcos Jr.: No repeat of Navotas sanitary landfill fire https://t.co/YouXtqVA9E Ex-ICC judge named Pamantasan ng Lungsod ng Pasig dean https://t.co/ciQvRMVKpM Ospital ng Maynila ER closed for a week https://t.co/CM9byDyGr7",https://x.com/PhilippineStar/status/2057604799122858078,0,,,,
Jaushi,2057610082695999924,2026-05-22 07:50:46,ms_erosofnyx,en,2026-05-22 AM,val,"Welcome to Manila, GumberBear international Fans! 🇵🇭✨ If you’re flying in for the LenaMiu Fan Meet at UP Theater, here’s a quick guide to help you get there safely and smoothly: ✈️ From Ninoy Aquino International Airport (NAIA): The most convenient option is booking a ride via Grab. It’s safer, fixed-rate, and easier, especially if it’s your first time in Manila. Just input “UP Theater” as your destination. 🚗 Travel time: around 1 to 1.5 hours depending on traffic (Manila traffic is real 😅). 🚍 Public transport: It’s cheaper, but can be confusing (multiple transfers like jeepneys, MRT, buses). If you’re not familiar with the system, Grab is highly recommended. ⚠️ Friendly reminders: • Stay vigilant with your belongings at all times • Avoid unofficial taxis or random offers outside the airport • Some may overcharge foreigners, always check prices first • Keep your phone charged for navigation & booking rides If your hotel is already around Quezon City / near UP Theater, just book a 𝐆𝐫𝐚𝐛 ride for the easiest and safest trip to the venue. It’s convenient, fixed-price, and less hassle, especially for international fans. 💖 📍 From nearby hotels, travel time is usually around 10–20 minutes depending on traffic. Stay safe, plan ahead, and see you all at UP Theater! 🇵🇭✨ #LenaMiu #ลีน่าหมิว #MiuNatsha #หมิวณัชชา #lalinalena #ลีน่าลลินา",https://x.com/ms_erosofnyx/status/2057610082695999924,0,,,,
Jaushi,2057625541847503194,2026-05-22 08:52:12,TheManilaTimes,en,2026-05-22 AM,val,SEN. Bong Go personally led the relief operation Tuesday for fire victims in Barangay Tangos South in Navotas City. https://t.co/Nz775tipgK,https://x.com/TheManilaTimes/status/2057625541847503194,0,,,,
Jaushi,2057653971293229305,2026-05-22 10:45:10,News5PH,tl,2026-05-22 AM,val,"NAG-INSPEKSYON SA NAVOTAS SANITARY LANDFILL Nag-inspeksyon si Public Works and Highways Sec. Vince Dizon kasama sina Japanese Ambassador to the Philippines Endo Kazuya, Environment and Natural Resources Sec. Juan Miguel Cuna, at Transportation Sec. Giovanni Lopez sa Navotas Sanitary Landfill noong May 11. Matatandaang nauna nang inanunsyo ni Pres. Bongbong Marcos na naapula na ang sunog sa nasabing landfill noong May 10. Tiniyak din ni Pres. Marcos na ginagawa ng pamahalaan ang mga hakbang upang hindi na maulit ang sunog sa landfill. 📸: DPWH/Facebook",https://x.com/News5PH/status/2057653971293229305,0,,,,
Jaushi,2057720593420898349,2026-05-22 15:09:54,dzbb,tl,2026-05-22 PM,test,"𝐑𝐎𝐔𝐓𝐄 𝐀𝐃𝐕𝐈𝐒𝐎𝐑𝐘: Dimasalang Bridge Rehabilitation Phase II (Northbound) Narito ang mga alternatibong ruta na inilatag ng Manila Traffic and Parking Bureau upang magsilbing gabay sa mga motorista at maiwasan ang matinding pagsisikip ng daloy ng trapiko kaugnay ng rehabilitasyon at major repair ng Dimasalang Bridge Phase II (Northbound). Ipatutupad ang rehabilitasyon simula Mayo 23, 2026 hanggang ikalawang linggo ng Oktubre 2026. Pinapayuhan ang publiko na planuhin ang kanilang biyahe, gumamit ng mga alternatibong ruta, at maglaan ng karagdagang oras sa paglalakbay habang isinasagawa ang proyekto. | via @ManilaPIO",https://x.com/dzbb/status/2057720593420898349,1,roadwork,Dimasalang Bridge,,
Jaushi,2057754485083050062,2026-05-22 17:24:35,Bamboo_Web3,en,2026-05-22 PM,test,"There is a price for everything. Coffee. Cocoa. Sugar. Beef. The things that feed the world, fuel economies, and sit at the center of trade routes that have existed for centuries. But ask a Web3 builder to access those prices onchain six months ago and they would laugh at you. Or cry. Depends on the builder. That gap always bothered me. Because I know what it means when a developer in Lagos or Manila or Nairobi cannot build around the prices that actually move their local economy. It means the tools keep getting built for someone else. Again. The same someone else. Every time. Then @PythNetwork moved. Four new feeds. Cocoa. Coffee. Raw Sugar. Live Cattle. Quietly dropped into the Pyth Pro catalog like it was nothing, but if you understand what that actually means, you stopped scrolling. These are not random assets. These are the commodities that dominate trade across Africa, Southeast Asia, and Latin America. The crops people plant, harvest, and pray over. The livestock entire regional economies are built around. And now their prices are live, real, institutional grade and are also accessible onchain. Accessible to anyone. No Bloomberg terminal. No legacy vendor contract. No toll booth. Just the price. Clean. Available. Programmable. Pyth sits at 3,000+ feeds now. Crypto, equities, FX, metals, energy, and now the soft commodities and livestock that the rest of DeFi forgot existed. All under one API. One subscription. https://t.co/8rEjuyiMNW The timing is not an accident either. Tariffs are rewriting trade routes. Climate is hitting harvests in ways the models did not predict. Supply chains that everyone assumed were stable are showing just how fragile they always were. In that environment, soft commodities and livestock are some of the most actively traded contracts on the planet. And builders in Web3 can now touch them. Prediction markets priced in cocoa. Perpetual exchanges running on coffee futures. Structured products built around cattle; the same way others build around BTC. The infrastructure is here. The only question is who builds first. That is the invitation sitting inside this announcement. The price of everything is coming onchain. One feed at a time.💡",https://x.com/Bamboo_Web3/status/2057754485083050062,0,,,,
Jaushi,2057769025816736205,2026-05-22 18:22:21,lenasbubby,en,2026-05-22 PM,test,the girls are literally about to land in a few minutes and all i can think about is how they're about to experience rush hour traffic in manila right away ð #LenaMiuFMinManila #LenaMiu,https://x.com/lenasbubby/status/2057769025816736205,0,,,,
Jaushi,2057778224181252148,2026-05-22 18:58:54,IvanAtHome,en,2026-05-22 PM,test,"The great @jesusfalcis did not deserve this sort of harassment but a SITTING REPRESENTATIVE just because Toby Tianco over there got his feelings hurt because he was accused of being a closeted Duterte supporter. Where was Falcis wrong? In fact, I don't think sitting government officials and celebrities should have the right to file criminal libel charges considering their public nature. The fact that the Philippines STILL hasn't de-criminalized libel and turned it into a civil offence is archaic and stupid, shielding those in the limelight from the scrutiny they deserved. Perhaps if the Tianco family spent more time fixing the constant flooding the district they inhabit experiences, the City of Navotas would be a better place. That recent landfill fire they experienced needed help from Japanese experts to fix too. Disgraceful. https://t.co/14rbs9QOdi",https://x.com/IvanAtHome/status/2057778224181252148,0,,,,
Jaushi,2057787025651122573,2026-05-22 19:33:53,kalikasan101,tl,2026-05-22 PM,test,"🌳🪾“57,000 seedlings.” 🪾🌳- Madami at magandang pakinggan. Magandang headline din. Pero hindi nito agad mapapalitan ang ecological function ng 600 mature trees na pinutol sa Metro Manila. 🪵🪵🪵🪵🪵 Sa panahon ng matinding urban heat, climate anxiety, at lumalalang pagbaha, ang mature trees ay hindi dekorasyon o obstruction sa infrastructure. Silent public servants sila ng lungsod. Libre silang nagpapalamig. Sumisipsip ng tubig-ulan. Nagfi-filter ng polusyon. Nagbabawas ng stress. Nagbibigay ng dignidad sa paglalakad sa siyudad. Ang problema sa maraming development framework ngayon: masyadong nakatingin sa quantity kaysa ecological integrity. Seedlings are future possibilities. Mature trees are present protection. Hindi linear ang kapalit. Hindi puwedeng spreadsheet mentality lang ang environmental governance. Ilang dekada bago maabot ng seedlings ang parehong canopy cover, carbon storage, cooling effect, at biodiversity support ng mature trees? Ilan ang mabubuhay? Ilan ang matatamaan ulit ng susunod na road widening? Ilan ang tunay na maitatanim sa highly urbanized spaces? Ito ang delikadong kultura ng “offset mentality” — puwedeng sirain ngayon basta may ipapangakong kapalit bukas. Pero sa climate crisis, delayed ecological recovery is also social injustice. Ang pinaka-apektado sa pagkawala ng urban trees ay hindi ang naka-aircon. Kundi ang commuter, street vendor, traffic enforcer, delivery rider, estudyante, at ordinaryong mamamayang direktang niluluto ng urban heat. At malinaw na panahon na upang paghiwalayin ang regulatory at environmental protection functions sa loob ng DENR. Hindi puwedeng iisang sistema ang parehong nagpo-promote, nag-aapprove, at dapat nagpo-protekta sa kalikasan. Kapag magkalaban ang mandato, kadalasan talo ang ecological integrity. Ang tunay na sustainable city hindi lang measured sa dami ng kalsada at bilis ng sasakyan. Sinusukat din ito sa dami ng punong nananatili, kalidad ng hangin, walkability, biodiversity, at kapasidad ng lungsod na protektahan ang buhay sa gitna ng climate extremes. Kapag mature trees ang unang sinasakripisyo para sa “development,” kailangang tanungin: development para kanino? 🌿🏙️🔥 #ProtectUrbanTrees #ClimateJustice #LaudatoSi #ManilaNeedsTrees Photo credit: Manila Times / Mike Alquinto",https://x.com/kalikasan101/status/2057787025651122573,0,,,,
Jaushi,2057801769066119644,2026-05-22 20:32:28,LaudatoSiPH,en,2026-05-22 PM,test,"🌳 MANILA CAN’T BREATHE ON SEEDLINGS ALONE 🔥 600 mature trees lost today cannot be replaced overnight by promises for tomorrow. “Nature cannot be regarded as something separate from ourselves or as a mere setting in which we live.” — Laudato Si’, §139 Living Laudato Si’ Philippines expresses deep concern over the continued cutting of mature trees in Metro Manila in the name of infrastructure expansion and urban development. In a city already suffering from extreme heat, worsening floods, air pollution, traffic congestion, and shrinking public green spaces, the removal of hundreds of full-grown trees represents more than ecological loss. It is a climate justice, public health, and human dignity issue. The narrative that tens of thousands of seedlings can simply compensate for the destruction of mature urban trees dangerously misunderstands ecological integrity. Seedlings are future possibilities. Mature trees are present protection. Established trees already provide critical ecosystem services: cooling urban temperatures, absorbing floodwaters, filtering pollutants, storing carbon, reducing stress, supporting biodiversity, and creating more humane and livable public spaces. These functions cannot be immediately restored through compensatory planting programs that may take decades before reaching ecological maturity. As climate impacts intensify, urban trees must be recognized not as obstacles to development, but as essential living infrastructure for climate adaptation and resilience. A truly sustainable city cannot be measured solely by road widening, elevated expressways, or faster vehicle mobility while simultaneously making urban life hotter, harsher, and less walkable for ordinary citizens. Living Laudato Si’ Philippines likewise reiterates the urgent need to separate the DENR’s regulatory and environmental protection functions. Ecological protection should never compete with project approval within the same institutional framework. The future of Manila will not only be defined by what is built, but by what society chooses to protect. 🌿🏙️ #ProtectUrbanTrees #LaudatoSi #ClimateJustice",https://x.com/LaudatoSiPH/status/2057801769066119644,0,,,,
Jaushi,2057805183225110977,2026-05-22 20:46:02,father_rmv,en,2026-05-22 PM,test,"Blessed Bartolomé Díaz Laurel was a Franciscan lay brother, missionary, nurse, and martyr whose life bridged the New World and the perilous mission fields of Asia in the early seventeenth century. Born around 1590 in El Puerto de Santa María, Spain, near Cádiz, he moved young to Mexico, where many sources describe him as a Mexican Franciscan. Before entering religious life he worked as a sailor, gaining practical skills and a resilient spirit that would serve him well in distant lands. In 1617 he joined the Order of Friars Minor in Valladolid (now Morelia), Mexico, professing as a lay brother. Drawn to missionary work, he was sent to the Philippines in 1619. There he spent several years in Manila, serving as a nurse in a hospital, studying the Japanese language, and preparing for the dangerous task ahead. His combination of medical care and catechesis made him especially effective among the sick and the curious. In 1623 or shortly after, Brother Bartolomé sailed for Japan with Father Francisco de Santa María. At that time Japan had begun its brutal suppression of Christianity under the Tokugawa shogunate. Undeterred, he worked quietly as a nurse and catechist, tending to the physical and spiritual needs of hidden Christians. His humility, charity, and tireless service earned him deep respect among the faithful. Arrested in the spring of 1627 during a wave of persecutions, he was imprisoned, tried for violating anti-Christian laws, and condemned to death. On August 17, 1627, in Nagasaki, he was burned alive at the stake along with companions. Witnesses noted his patience and prayerfulness even as the slow fire consumed him. He was beatified by Pope Pius IX in 1867 together with other Japanese martyrs. Though little known outside specialized hagiography, Blessed Bartolomé Díaz Laurel embodies the quiet courage of countless Franciscan lay missionaries. A sailor turned brother, a nurse turned martyr, he crossed oceans not for glory but to bring healing and faith to the farthest edges of the known world.",https://x.com/father_rmv/status/2057805183225110977,0,,,,
Jaushi,2058685407899074840,2026-05-25 07:03:44,dzrhnews,tl,2026-05-25 AM,test,"PANAWAGAN SA PANGULO WATCH: Nanawagan si Kuya Johnny Bernales kay Pang. Ferdinand Marcos Jr. ng agarang tulong para sa kanilang mga nasunugan sa Brgy. 275 , Gate 46 Parola Compound Tondo, Manila lalo na ngayong nalalapit ang balik-eskwela. Ayon kay Kuya Johnny, wala silang naisalba kahit isa lalo't kapitbahay lamang nila ang pinagmulan ng sunog na mabilis kumalat noong May 23, araw ng Sabado. | RH 9 @NolascoAgustina, DZRH News",https://x.com/dzrhnews/status/2058685407899074840,0,,,,
Jaushi,2058689354474959029,2026-05-25 07:19:25,gmanews,tl,2026-05-25 AM,test,"Truck ng bombero na reresponde sana sa sunog, tumagilid sa Pasig PANOORIN: Truck ng bombero na reresponde sana sa sunog, tumagilid matapos umanong iwasan ang isang MPV sa bahagi ng Eastbank Road sa Manggahan, Pasig City; driver at kasamang fire volunteer, sugatan. | via EJ Gomez/GMA News",https://x.com/gmanews/status/2058689354474959029,1,crash,"Eastbank Road sa Manggahan, Pasig City",,
Jaushi,2058709520864690298,2026-05-25 08:39:33,dzrhnews,tl,2026-05-25 AM,test,"JUST IN: Sunog sumiklab sa Sagrada familia corner Onyx Street sa Sta. Ana, Manila | RH 09 @NolascoAgustina, DZRH News https://t.co/eYgG8nQKdx",https://x.com/dzrhnews/status/2058709520864690298,1,other,"Onyx Street Sta. Ana, Manila",,
Jaushi,2058711280576548960,2026-05-25 08:46:32,News5PH,tl,2026-05-25 AM,test,"COMMUTE-STAHAN SA DIMASALANG BRIDGE Pansamantalang isinara ang northbound ng Dimasalang Bridge sa Sampaloc Manila dahil sa isasagawang rehabilitasyon. Para sa iba pang detalye, narito ang ulan ni Traffic Tito Mondi Lopez. https://t.co/4rBxBgDK68",https://x.com/News5PH/status/2058711280576548960,1,closure,Dimasalang Bridge Sampaloc Manila,,
Jaushi,2058715791449849880,2026-05-25 09:04:28,EvelynGree49263,en,2026-05-25 AM,test,A massive fire burns in a residential area of Manila https://t.co/8lUhmVoDkp,https://x.com/EvelynGree49263/status/2058715791449849880,0,,,,
Jaushi,2058716558885585104,2026-05-25 09:07:31,dzrhnews,en,2026-05-25 AM,test,"Families displaced by a fire that swept through Parola Compound in Tondo, Manila are set to receive ₱15,000 each in financial assistance from the city government on Monday, May 25. Read more: https://t.co/5C0cBQEr6K https://t.co/8ub9vmGYuO",https://x.com/dzrhnews/status/2058716558885585104,0,,,,
Jaushi,2058719904417931701,2026-05-25 09:20:49,bernadettereyes,en,2026-05-25 AM,test,President Marcos arrives at Delpan Sports Complex in Manila to give assistance to thousands of victims of fire that broke in Binondo Manila @gmanews https://t.co/refby11Hav,https://x.com/bernadettereyes/status/2058719904417931701,0,,,,
Jaushi,2058726415194055002,2026-05-25 09:46:41,PhilippineStar,en,2026-05-25 AM,test,"MARCOS ANNOUNCES GOV’T AID TO MANILA FIRE VICTIMS President Bongbong Marcos visits Delpan Sports Complex and Delpan Evacuation Center in Manila on Monday to check the welfare of families affected by the fire in Parola Compound. “Meron po tayong hygiene kit, meron pa po tayong family cooking kit, meron pa po tayong binibigay na food pack. At bukod pa ron ‘yung P10,000 na assistance para meron po kayong magamit,” he said. “Nandito ang NHA meron pang-rebuilding magbibigay din ng P30,000 para pambili ninyo ng gamit,” Marcos added. (Video courtesy of MPC)",https://x.com/PhilippineStar/status/2058726415194055002,0,,,,
Jaushi,2058732570892742952,2026-05-25 10:11:08,pnagovph,en,2026-05-25 AM,test,"WATCH: President Ferdinand R. Marcos Jr. inspects the Sunog Apog Pumping Station, an infrastructure project aimed at mitigating chronic flooding in low-lying areas, in Tondo, Manila on Monday (May 25, 2026). Initially launched in 2020, the construction faced several delays before being prioritized and completed under the current administration. | Teresa Montemayor; Video by MPC Pool #IntegratedStateMedia #ISM #PhilippineNewsAgency",https://x.com/pnagovph/status/2058732570892742952,0,,,,
Jaushi,2058735895281545704,2026-05-25 10:24:21,dswdserves,tl,2026-05-25 AM,test,"BINONDO FIRE INCIDENT UPDATE: Matapos ang pamamahagi ng tulong sa Leonardo B. Fugoso Sports Complex, tumungo naman sina Pangulong Ferdinand R. Marcos Jr., DSWD Secretary @rex_gatchalian, at Manila Mayor Isko Moreno sa Delpan Evacuation Center para kumustahin at alamin ang sitwasyon ng mga residenteng pansamantalang nanunuluyan dito. Ang mga pamilyang ito ay kabilang sa mga naapektuhan at nawalan ng tirahan matapos ang sunog na sumiklab sa Parola Compound, Binondo, Manila noong Sabado (Mayo 23). Bukod sa pagtiyak sa maayos na kalagayan ng mga evacuee, siniguro rin ng Pangulo at ng Kalihim na sapat ang suplay ng pagkain at iba pang pangunahing pangangailangan na natatanggap ng bawat pamilya sa evacuation center. Patuloy namang nakikipagtulungan ang DSWD sa lokal na pamahalaan ng Maynila upang masiguro ang maayos na pamamahala sa evacuation center at maibigay ang iba pang kinakailangang tulong para sa unti-unting pagbangon ng mga apektadong pamilya. (ALRB) #BawatBuhayMahalagaSaDSWD ❤️",https://x.com/dswdserves/status/2058735895281545704,0,,,,
Jaushi,2058737862414348420,2026-05-25 10:32:10,bncdotph,en,2026-05-25 AM,test,"President Ferdinand Marcos Jr. on Monday visited families displaced by the recent fire that hit Parola compound in Binondo, Manila, bringing financial assistance and assuring residents that government support would continue until they were able to rebuild their lives. https://t.co/F1Hb6udDdk",https://x.com/bncdotph/status/2058737862414348420,0,,,,
Jaushi,2058739374662312410,2026-05-25 10:38:11,manilabulletin,en,2026-05-25 AM,test,"President Marcos has assured victims of the massive fire that hit Parola Compound in Binondo, Manila, that the government would continue extending assistance until affected families can rebuild their lives and return home. https://t.co/WTx0lQdEhA",https://x.com/manilabulletin/status/2058739374662312410,0,,,,
Jaushi,2058742337292153041,2026-05-25 10:49:57,infinity_spa_ph,en,2026-05-25 AM,test,"Mondays carry enough pressure on their own. Work deadlines, meetings, traffic, and the constant rush — you’ve earned a pause. ♾️✨ Escape the pressure. Recharge the body. Return stronger. 💆‍♂️♨️ Visit your nearest Infinity Spa branch today: 📍 Quezon City (E. Rodriguez) – 0967 221 8188 📍 Fairview – 0915 028 2818 📍 Bay Area (Parañaque) – 0995 018 7888 📍 South Point – 0966 968 6888 📍 Cebu – 0966 968 7888 📍 Pampanga – 0967 063 2888 📍 Makati – 0966 795 0888 📍 Cubao – 0956 438 8886 📍 Davao – 0927 568 3888 📍 Cagayan de Oro – 0956 278 8828 Your Monday reset starts here, Mancavers. 🔥 #InfinitySpa #Mancavers #EscapeThePressure #RelaxationRedefined #MondayReset #MancaveExperience ♾️",https://x.com/infinity_spa_ph/status/2058742337292153041,0,,,,
Jaushi,2058742891573645362,2026-05-25 10:52:09,manilabulletin,en,2026-05-25 AM,test,"A predawn fire gutted several houses in a residential compound in Barangay 132, Bagong Barrio, Caloocan City on Monday, May 25, leaving 15 families homeless. https://t.co/f7QnVTDBPM",https://x.com/manilabulletin/status/2058742891573645362,1,other,"Barangay 132, Bagong Barrio, Caloocan City",,
Jaushi,2058841848966422756,2026-05-25 17:25:22,MMDA,tl,2026-05-25 PM,test,"Huli sa CCTV: Illegal Dumping sa Estero De Sunog Apog Natiketan ng MMDA ang isang indibidwal dahil sa iligal na pagtatapon ng basura sa Estero de Sunog Apog, Barangay 177, Tondo, Manila, ngayong araw, May 25, 9 am. Sa report ng MMDA Health, Public Safety, and Environmental Protection Office, huli sa akto ang pagtatapon ng basura ng nabanggit na indibidwal diretso sa estero. Sa tulong ng mga opisyal ng barangay, mabilis na natukoy ang violator at inisyuhan siya ng Environmental Violation Receipt (EVR). Inamin naman ng violator ang kanyang pagkakamali at nagbayad ng multa na nagkakahalaga ng P500 dahil sa kanyang paglabag sa anti-littering law. Nagbabala naman si MMDA General Manager Nicolas Torre III na nakabantay ang mga CCTV cameras ng ahensiya sa mga kalsada, estero, at kanal. Paalala sa lahat: Hindi tapunan ng basura ang estero. Maging responsable at sumunod sa regulasyon para sa kalinisan ng kapaligiran. #mmda #mmdaatyourservice",https://x.com/MMDA/status/2058841848966422756,0,,,,
Jaushi,2058850743470465040,2026-05-25 18:00:43,QCGov,tl,2026-05-25 PM,test,"Ipakita ang galing, QC! ✨ Makakaasa po kayo na pagbubutihin pa ng ating na lokal na pamahalaan ang paghahatid ng mataas na kalidad at taos-pusong serbisyo sa publiko para sa pag-unlad ng lungsod. Panoorin ang weekly recap na ito para sa linggo ng May 18, 2026. Makikita ang iba pang detalye sa: • Boots Anson Roa Grateful Book Launch: https://t.co/SEoUOepVVM • Philippine-Australia Friendship Day 80th Anniversary: https://t.co/EZ5CFqt7tt • Angat Bayi Benchmarking: https://t.co/SITO3C1yGe • Infanta Benchmarking: https://t.co/qtA9tgQC8w • EducationUSA University Fair Spring 2026: https://t.co/r0rnvMJpzx • Barangay-based Supplementary Feeding Program 2026: https://t.co/PsGwKK5aYP • Philanthropy Asia Summit 2026: https://t.co/CGiN3jWntS • Capacity Traning on Human Rights Action Center: https://t.co/bXxQUhOKlX • All aBoard Expo Press Conference: https://t.co/GeSL0nZPcC • International AIDS Candlelight Memorial: https://t.co/IdgO9I0idg • QC-Wide 3x3 Basketball Tournament: https://t.co/hxSVeyc7AV • Financial Assistance to Fire Victims - Barangay Batasan Hills, Paltok, Payatas, Bagbag, Sauyo, Commonwealth, at Pasong Tamo: https://t.co/CkBRDW8XTM • QCitizen Data: Resibo ng Serbisyo: https://t.co/sUgV8ADefR • Memorandum of Agreement Signing with McDonalds: https://t.co/p3gT8ETd9F • QC Service at Career and Self-Development Awardee: https://t.co/MzI7pdlNls #BusyQCWeeklyRecap",https://x.com/QCGov/status/2058850743470465040,0,,,,
Jaushi,2058855524075249724,2026-05-25 18:19:43,PhilstarNews,en,2026-05-25 PM,test,"NINE-HOUR FIRE AFFECTS MORE THAN 7,000 IN MANILA Residents of Parola Compound in San Nicolas, Binondo, Manila are calling for a thorough investigation into the cause of the fire that broke out in the area on Saturday, May 23, leaving 2,134 families displaced. Read: https://t.co/o94HTPIK8u",https://x.com/PhilstarNews/status/2058855524075249724,0,,,,
Jaushi,2058865665893888126,2026-05-25 19:00:01,MMDA,tl,2026-05-25 PM,test,"Sa Pasay sumentro ang anti-illegal parking operations ng Swift Traffic Action Group (STAG) ngayong araw. Partikular na sinuyod ng grupo ang Mabuhay Lane Route #11-12; Pasay Tramo Terminal 1,2,3; Andrews Ave.; Ninoy Aquino Ave.; Vicente Sotto St.; PICC; Macapagal Blvd.; at PITX. Inisyuhan ng ticket ang nasa 36 na sasakyan sa pamamagitan ng non-contact apprehension habang 24 naman ang sa physical apprehension. #mmda #STAG",https://x.com/MMDA/status/2058865665893888126,0,,,,
Jaushi,2058880391298359453,2026-05-25 19:58:32,manilabulletin,en,2026-05-25 PM,test,"FIRE ALERT LOOK: A residential area in Pulong Kendi, Barangay Sta. Ana, Taguig City, is engulfed in flames, resulting in the raising of Task Force Alpha at 7:19 p.m. on Monday, May 25. (Photos by John Louie Abrina/MB) https://t.co/AkCkEjzHHK",https://x.com/manilabulletin/status/2058880391298359453,1,other,"Pulong Kendi, Barangay Sta. Ana, Taguig City",,
Jaushi,2058889344522625075,2026-05-25 20:34:06,badettreginarae,tl,2026-05-25 PM,test,ang wish ko ay sana mapunta sa magandang team at management ang ust gels + mabawasan ang traffic sa pasig,https://x.com/badettreginarae/status/2058889344522625075,0,,,,