origin,destination,reachable,hops,distance_km,risk_exposure,mean_risk
8337-Ayala NB 1-PTZ,EDSA-Aurora,True,30,3.88,16.28,0.5427
EDSA-Aurora,8337-Ayala NB 1-PTZ,True,18,3.25,9.78,0.5435
8337-Ayala NB 1-PTZ,EDSA-Kamuning,False,,,,
EDSA-Kamuning,8337-Ayala NB 1-PTZ,True,37,10.41,20.32,0.5492
8337-Ayala NB 1-PTZ,EDSA-Ortigas-Shaw,True,23,5.93,12.59,0.5476
EDSA-Ortigas-Shaw,8337-Ayala NB 1-PTZ,True,18,7.92,9.87,0.5483
8337-Ayala NB 1-PTZ,EDSA-Quezon Ave,False,,,,
EDSA-Quezon Ave,8337-Ayala NB 1-PTZ,True,57,12.23,31.24,0.5481
8337-Ayala NB 1-PTZ,EDSA-Regalia (P. Tuazon),False,,,,
EDSA-Regalia (P. Tuazon),8337-Ayala NB 1-PTZ,True,18,8.67,9.85,0.5474
8337-Ayala NB 1-PTZ,Roxas Blvd-Kalaw,False,,,,
Roxas Blvd-Kalaw,8337-Ayala NB 1-PTZ,False,,,,
8337-Ayala NB 1-PTZ,Roxas-Padre Burgos,False,,,,
Roxas-Padre Burgos,8337-Ayala NB 1-PTZ,False,,,,
EDSA-Aurora,EDSA-Kamuning,False,,,,
EDSA-Kamuning,EDSA-Aurora,True,63,14.18,34.6,0.5491
EDSA-Aurora,EDSA-Ortigas-Shaw,True,41,9.18,22.38,0.5458
EDSA-Ortigas-Shaw,EDSA-Aurora,True,44,11.7,24.15,0.5488
EDSA-Aurora,EDSA-Quezon Ave,False,,,,
EDSA-Quezon Ave,EDSA-Aurora,True,83,16.01,45.52,0.5484
EDSA-Aurora,EDSA-Regalia (P. Tuazon),False,,,,
EDSA-Regalia (P. Tuazon),EDSA-Aurora,True,44,12.45,24.13,0.5484
EDSA-Aurora,Roxas Blvd-Kalaw,False,,,,
Roxas Blvd-Kalaw,EDSA-Aurora,False,,,,
EDSA-Aurora,Roxas-Padre Burgos,False,,,,
Roxas-Padre Burgos,EDSA-Aurora,False,,,,
EDSA-Kamuning,EDSA-Ortigas-Shaw,True,31,4.48,17.05,0.5501
EDSA-Ortigas-Shaw,EDSA-Kamuning,False,,,,
EDSA-Kamuning,EDSA-Quezon Ave,True,17,1.78,9.37,0.5512
EDSA-Quezon Ave,EDSA-Kamuning,True,20,1.82,10.92,0.546
EDSA-Kamuning,EDSA-Regalia (P. Tuazon),True,19,1.74,10.47,0.5509
EDSA-Regalia (P. Tuazon),EDSA-Kamuning,True,16,1.82,8.83,0.5517
EDSA-Kamuning,Roxas Blvd-Kalaw,False,,,,
Roxas Blvd-Kalaw,EDSA-Kamuning,False,,,,
EDSA-Kamuning,Roxas-Padre Burgos,False,,,,
Roxas-Padre Burgos,EDSA-Kamuning,False,,,,
EDSA-Ortigas-Shaw,EDSA-Quezon Ave,False,,,,
EDSA-Quezon Ave,EDSA-Ortigas-Shaw,True,51,6.3,27.97,0.5485
EDSA-Ortigas-Shaw,EDSA-Regalia (P. Tuazon),False,,,,
EDSA-Regalia (P. Tuazon),EDSA-Ortigas-Shaw,True,12,2.75,6.59,0.549
EDSA-Ortigas-Shaw,Roxas Blvd-Kalaw,False,,,,
Roxas Blvd-Kalaw,EDSA-Ortigas-Shaw,False,,,,
EDSA-Ortigas-Shaw,Roxas-Padre Burgos,False,,,,
Roxas-Padre Burgos,EDSA-Ortigas-Shaw,False,,,,
EDSA-Quezon Ave,EDSA-Regalia (P. Tuazon),True,39,3.56,21.39,0.5484
EDSA-Regalia (P. Tuazon),EDSA-Quezon Ave,True,23,3.53,12.68,0.5514
EDSA-Quezon Ave,Roxas Blvd-Kalaw,False,,,,
Roxas Blvd-Kalaw,EDSA-Quezon Ave,False,,,,
EDSA-Quezon Ave,Roxas-Padre Burgos,False,,,,
Roxas-Padre Burgos,EDSA-Quezon Ave,False,,,,
EDSA-Regalia (P. Tuazon),Roxas Blvd-Kalaw,False,,,,
Roxas Blvd-Kalaw,EDSA-Regalia (P. Tuazon),False,,,,
EDSA-Regalia (P. Tuazon),Roxas-Padre Burgos,False,,,,
Roxas-Padre Burgos,EDSA-Regalia (P. Tuazon),False,,,,
Roxas Blvd-Kalaw,Roxas-Padre Burgos,True,5,0.41,2.72,0.5439
Roxas-Padre Burgos,Roxas Blvd-Kalaw,True,7,0.45,3.82,0.5452
