lookup,leave_at,window,fill_in,trip_legs,maps_url,start,stops,end,eta_seconds
antroute_path,Fri 17:00,2026-05-22T17:00:00,antroute_apple_eta_seconds,A01/leg1,"https://maps.apple.com/?saddr=14.580878,121.053531&daddr=14.581255,121.053803+to:14.584244,121.055635+to:14.587029,121.056564+to:14.588780,121.057128+to:14.590361,121.057656+to:14.592277,121.058351+to:14.593441,121.058284&dirflg=d","14.580878,121.053531","14.581255,121.053803 | 14.584244,121.055635 | 14.587029,121.056564 | 14.588780,121.057128 | 14.590361,121.057656 | 14.592277,121.058351","14.593441,121.058284",
antroute_path,Fri 17:00,2026-05-22T17:00:00,antroute_apple_eta_seconds,M01/leg1,"https://maps.apple.com/?saddr=14.630706,121.045708&daddr=14.617976,121.051603+to:14.606256,121.057054+to:14.596305,121.059377+to:14.555289,121.035289+to:14.550071,121.029408&dirflg=d","14.630706,121.045708","14.617976,121.051603 | 14.606256,121.057054 | 14.596305,121.059377 | 14.555289,121.035289","14.550071,121.029408",
antroute_path,Fri 17:00,2026-05-22T17:00:00,antroute_apple_eta_seconds,M01/leg2,"https://maps.apple.com/?saddr=14.550071,121.029408&daddr=14.554903,121.035090+to:14.557497,121.038096+to:14.588780,121.057128+to:14.593441,121.058284&dirflg=d","14.550071,121.029408","14.554903,121.035090 | 14.557497,121.038096 | 14.588780,121.057128","14.593441,121.058284",
antroute_path,Fri 17:00,2026-05-22T17:00:00,antroute_apple_eta_seconds AND baseline_apple_eta_seconds (same path),R01/leg1,"https://maps.apple.com/?saddr=14.580878,121.053531&daddr=14.581255,121.053803+to:14.584244,121.055635+to:14.587029,121.056564+to:14.588780,121.057128+to:14.589361,121.057395+to:14.592277,121.058351+to:14.593441,121.058284&dirflg=d","14.580878,121.053531","14.581255,121.053803 | 14.584244,121.055635 | 14.587029,121.056564 | 14.588780,121.057128 | 14.589361,121.057395 | 14.592277,121.058351","14.593441,121.058284",
apple_own_route,Fri 17:00,2026-05-22T17:00:00,apple_eta_seconds,M01/leg1,"https://maps.apple.com/?saddr=14.630706,121.045708&daddr=14.550071,121.029408&dirflg=d","14.630706,121.045708",,"14.550071,121.029408",
apple_own_route,Fri 17:00,2026-05-22T17:00:00,apple_eta_seconds,M01/leg2,"https://maps.apple.com/?saddr=14.550071,121.029408&daddr=14.593441,121.058284&dirflg=d","14.550071,121.029408",,"14.593441,121.058284",
apple_own_route,Fri 17:00,2026-05-22T17:00:00,apple_eta_seconds,"R01/leg1, A01/leg1","https://maps.apple.com/?saddr=14.580878,121.053531&daddr=14.593441,121.058284&dirflg=d","14.580878,121.053531",,"14.593441,121.058284",
baseline_path,Fri 17:00,2026-05-22T17:00:00,baseline_apple_eta_seconds,M01/leg1,"https://maps.apple.com/?saddr=14.630706,121.045708&daddr=14.614891,121.053080+to:14.606256,121.057054+to:14.596305,121.059377+to:14.555289,121.035289+to:14.550071,121.029408&dirflg=d","14.630706,121.045708","14.614891,121.053080 | 14.606256,121.057054 | 14.596305,121.059377 | 14.555289,121.035289","14.550071,121.029408",
baseline_path,Fri 17:00,2026-05-22T17:00:00,baseline_apple_eta_seconds,M01/leg2,"https://maps.apple.com/?saddr=14.550071,121.029408&daddr=14.555219,121.035354+to:14.557497,121.038096+to:14.588780,121.057128+to:14.593441,121.058284&dirflg=d","14.550071,121.029408","14.555219,121.035354 | 14.557497,121.038096 | 14.588780,121.057128","14.593441,121.058284",
antroute_path,Fri 17:05,2026-05-22T17:05:00,antroute_apple_eta_seconds AND baseline_apple_eta_seconds (same path),M02/leg1,"https://maps.apple.com/?saddr=14.616467,121.052300&daddr=14.620356,121.050850+to:14.624043,121.049075+to:14.628555,121.047031+to:14.632767,121.045127+to:14.637265,121.042173+to:14.641266,121.039583+to:14.644204,121.037738&dirflg=d","14.616467,121.052300","14.620356,121.050850 | 14.624043,121.049075 | 14.628555,121.047031 | 14.632767,121.045127 | 14.637265,121.042173 | 14.641266,121.039583","14.644204,121.037738",
antroute_path,Fri 17:05,2026-05-22T17:05:00,antroute_apple_eta_seconds,M02/leg2,"https://maps.apple.com/?saddr=14.644204,121.037738&daddr=14.628785,121.046652+to:14.616687,121.052195+to:14.601666,121.059111+to:14.596305,121.059377+to:14.555289,121.035289+to:14.550071,121.029408&dirflg=d","14.644204,121.037738","14.628785,121.046652 | 14.616687,121.052195 | 14.601666,121.059111 | 14.596305,121.059377 | 14.555289,121.035289","14.550071,121.029408",
apple_own_route,Fri 17:05,2026-05-22T17:05:00,apple_eta_seconds,M02/leg1,"https://maps.apple.com/?saddr=14.616467,121.052300&daddr=14.644204,121.037738&dirflg=d","14.616467,121.052300",,"14.644204,121.037738",
apple_own_route,Fri 17:05,2026-05-22T17:05:00,apple_eta_seconds,M02/leg2,"https://maps.apple.com/?saddr=14.644204,121.037738&daddr=14.550071,121.029408&dirflg=d","14.644204,121.037738",,"14.550071,121.029408",
baseline_path,Fri 17:05,2026-05-22T17:05:00,baseline_apple_eta_seconds,M02/leg2,"https://maps.apple.com/?saddr=14.644204,121.037738&daddr=14.628785,121.046652+to:14.614891,121.053080+to:14.601666,121.059111+to:14.596305,121.059377+to:14.555289,121.035289+to:14.550071,121.029408&dirflg=d","14.644204,121.037738","14.628785,121.046652 | 14.614891,121.053080 | 14.601666,121.059111 | 14.596305,121.059377 | 14.555289,121.035289","14.550071,121.029408",
antroute_path,Fri 17:10,2026-05-22T17:10:00,antroute_apple_eta_seconds,A02/leg1,"https://maps.apple.com/?saddr=14.622476,121.053329&daddr=14.622197,121.051699+to:14.623220,121.051210+to:14.626314,121.049702+to:14.625726,121.048331+to:14.627459,121.047540+to:14.628555,121.047031+to:14.630706,121.045708&dirflg=d","14.622476,121.053329","14.622197,121.051699 | 14.623220,121.051210 | 14.626314,121.049702 | 14.625726,121.048331 | 14.627459,121.047540 | 14.628555,121.047031","14.630706,121.045708",
antroute_path,Fri 17:10,2026-05-22T17:10:00,antroute_apple_eta_seconds,R02/leg1,"https://maps.apple.com/?saddr=14.622476,121.053329&daddr=14.622197,121.051699+to:14.623220,121.051210+to:14.626314,121.049702+to:14.626038,121.049080+to:14.627459,121.047540+to:14.628555,121.047031+to:14.630706,121.045708&dirflg=d","14.622476,121.053329","14.622197,121.051699 | 14.623220,121.051210 | 14.626314,121.049702 | 14.626038,121.049080 | 14.627459,121.047540 | 14.628555,121.047031","14.630706,121.045708",
apple_own_route,Fri 17:10,2026-05-22T17:10:00,apple_eta_seconds,"R02/leg1, A02/leg1","https://maps.apple.com/?saddr=14.622476,121.053329&daddr=14.630706,121.045708&dirflg=d","14.622476,121.053329",,"14.630706,121.045708",
baseline_path,Fri 17:10,2026-05-22T17:10:00,baseline_apple_eta_seconds,R02/leg1,"https://maps.apple.com/?saddr=14.622476,121.053329&daddr=14.623049,121.053217+to:14.622298,121.051622+to:14.621861,121.050158+to:14.625726,121.048331+to:14.627459,121.047540+to:14.628555,121.047031+to:14.630706,121.045708&dirflg=d","14.622476,121.053329","14.623049,121.053217 | 14.622298,121.051622 | 14.621861,121.050158 | 14.625726,121.048331 | 14.627459,121.047540 | 14.628555,121.047031","14.630706,121.045708",
antroute_path,Fri 17:20,2026-05-22T17:20:00,antroute_apple_eta_seconds,A03/leg1,"https://maps.apple.com/?saddr=14.622476,121.053329&daddr=14.618143,121.055322+to:14.616126,121.052454+to:14.609081,121.055744+to:14.606256,121.057054+to:14.601666,121.059111+to:14.597583,121.059574+to:14.593441,121.058284&dirflg=d","14.622476,121.053329","14.618143,121.055322 | 14.616126,121.052454 | 14.609081,121.055744 | 14.606256,121.057054 | 14.601666,121.059111 | 14.597583,121.059574","14.593441,121.058284",
antroute_path,Fri 17:20,2026-05-22T17:20:00,antroute_apple_eta_seconds,R03/leg1,"https://maps.apple.com/?saddr=14.622476,121.053329&daddr=14.618143,121.055322+to:14.616126,121.052454+to:14.609081,121.055744+to:14.606256,121.057054+to:14.601666,121.059111+to:14.597583,121.059574+to:14.593441,121.058284&dirflg=d","14.622476,121.053329","14.618143,121.055322 | 14.616126,121.052454 | 14.609081,121.055744 | 14.606256,121.057054 | 14.601666,121.059111 | 14.597583,121.059574","14.593441,121.058284",
apple_own_route,Fri 17:20,2026-05-22T17:20:00,apple_eta_seconds,"R03/leg1, A03/leg1","https://maps.apple.com/?saddr=14.622476,121.053329&daddr=14.593441,121.058284&dirflg=d","14.622476,121.053329",,"14.593441,121.058284",
baseline_path,Fri 17:20,2026-05-22T17:20:00,baseline_apple_eta_seconds,R03/leg1,"https://maps.apple.com/?saddr=14.622476,121.053329&daddr=14.618143,121.055322+to:14.614269,121.055213+to:14.614891,121.053080+to:14.609081,121.055744+to:14.606256,121.057054+to:14.597583,121.059574+to:14.593441,121.058284&dirflg=d","14.622476,121.053329","14.618143,121.055322 | 14.614269,121.055213 | 14.614891,121.053080 | 14.609081,121.055744 | 14.606256,121.057054 | 14.597583,121.059574","14.593441,121.058284",
antroute_path,Fri 17:45,2026-05-22T17:45:00,antroute_apple_eta_seconds,A04/leg1,"https://maps.apple.com/?saddr=14.580878,121.053531&daddr=14.592277,121.058351+to:14.601465,121.058574+to:14.596305,121.059377+to:14.555289,121.035289+to:14.550071,121.029408&dirflg=d","14.580878,121.053531","14.592277,121.058351 | 14.601465,121.058574 | 14.596305,121.059377 | 14.555289,121.035289","14.550071,121.029408",
antroute_path,Fri 17:45,2026-05-22T17:45:00,antroute_apple_eta_seconds AND baseline_apple_eta_seconds (same path),R04/leg1,"https://maps.apple.com/?saddr=14.580878,121.053531&daddr=14.592277,121.058351+to:14.601465,121.058574+to:14.596305,121.059377+to:14.555289,121.035289+to:14.550071,121.029408&dirflg=d","14.580878,121.053531","14.592277,121.058351 | 14.601465,121.058574 | 14.596305,121.059377 | 14.555289,121.035289","14.550071,121.029408",
apple_own_route,Fri 17:45,2026-05-22T17:45:00,apple_eta_seconds,"R04/leg1, A04/leg1","https://maps.apple.com/?saddr=14.580878,121.053531&daddr=14.550071,121.029408&dirflg=d","14.580878,121.053531",,"14.550071,121.029408",
antroute_path,Fri 18:00,2026-05-22T18:00:00,antroute_apple_eta_seconds AND baseline_apple_eta_seconds (same path),E01/leg1,"https://maps.apple.com/?saddr=14.630706,121.045708&daddr=14.628785,121.046652+to:14.627324,121.047330+to:14.624177,121.048791+to:14.621748,121.049865+to:14.621206,121.050123+to:14.617976,121.051603+to:14.616467,121.052300&dirflg=d","14.630706,121.045708","14.628785,121.046652 | 14.627324,121.047330 | 14.624177,121.048791 | 14.621748,121.049865 | 14.621206,121.050123 | 14.617976,121.051603","14.616467,121.052300",
antroute_path,Fri 18:00,2026-05-22T18:00:00,antroute_apple_eta_seconds AND baseline_apple_eta_seconds (same path),E02/leg1,"https://maps.apple.com/?saddr=14.622476,121.053329&daddr=14.621684,121.053724+to:14.619834,121.054639+to:14.619746,121.054667+to:14.618143,121.055322+to:14.617121,121.054599+to:14.616464,121.053576+to:14.616467,121.052300&dirflg=d","14.622476,121.053329","14.621684,121.053724 | 14.619834,121.054639 | 14.619746,121.054667 | 14.618143,121.055322 | 14.617121,121.054599 | 14.616464,121.053576","14.616467,121.052300",
apple_own_route,Fri 18:00,2026-05-22T18:00:00,apple_eta_seconds,E01/leg1,"https://maps.apple.com/?saddr=14.630706,121.045708&daddr=14.616467,121.052300&dirflg=d","14.630706,121.045708",,"14.616467,121.052300",
apple_own_route,Fri 18:00,2026-05-22T18:00:00,apple_eta_seconds,E02/leg1,"https://maps.apple.com/?saddr=14.622476,121.053329&daddr=14.616467,121.052300&dirflg=d","14.622476,121.053329",,"14.616467,121.052300",
antroute_path,Fri 18:05,2026-05-22T18:05:00,antroute_apple_eta_seconds AND baseline_apple_eta_seconds (same path),E03/leg1,"https://maps.apple.com/?saddr=14.622476,121.053329&daddr=14.614048,121.053468+to:14.601666,121.059111+to:14.596305,121.059377+to:14.555289,121.035289+to:14.550071,121.029408&dirflg=d","14.622476,121.053329","14.614048,121.053468 | 14.601666,121.059111 | 14.596305,121.059377 | 14.555289,121.035289","14.550071,121.029408",
apple_own_route,Fri 18:05,2026-05-22T18:05:00,apple_eta_seconds,E03/leg1,"https://maps.apple.com/?saddr=14.622476,121.053329&daddr=14.550071,121.029408&dirflg=d","14.622476,121.053329",,"14.550071,121.029408",
antroute_path,Fri 18:15,2026-05-22T18:15:00,antroute_apple_eta_seconds,A05/leg1,"https://maps.apple.com/?saddr=14.622476,121.053329&daddr=14.622197,121.051699+to:14.623220,121.051210+to:14.626314,121.049702+to:14.625726,121.048331+to:14.627459,121.047540+to:14.628555,121.047031+to:14.630706,121.045708&dirflg=d","14.622476,121.053329","14.622197,121.051699 | 14.623220,121.051210 | 14.626314,121.049702 | 14.625726,121.048331 | 14.627459,121.047540 | 14.628555,121.047031","14.630706,121.045708",
antroute_path,Fri 18:15,2026-05-22T18:15:00,antroute_apple_eta_seconds AND baseline_apple_eta_seconds (same path),E04/leg1,"https://maps.apple.com/?saddr=14.616467,121.052300&daddr=14.620356,121.050850+to:14.624043,121.049075+to:14.628555,121.047031+to:14.632767,121.045127+to:14.637265,121.042173+to:14.641266,121.039583+to:14.644204,121.037738&dirflg=d","14.616467,121.052300","14.620356,121.050850 | 14.624043,121.049075 | 14.628555,121.047031 | 14.632767,121.045127 | 14.637265,121.042173 | 14.641266,121.039583","14.644204,121.037738",
antroute_path,Fri 18:15,2026-05-22T18:15:00,antroute_apple_eta_seconds,E05/leg1,"https://maps.apple.com/?saddr=14.616467,121.052300&daddr=14.609081,121.055744+to:14.606256,121.057054+to:14.597583,121.059574+to:14.591307,121.057621+to:14.584518,121.055476+to:14.580332,121.054526+to:14.580878,121.053531&dirflg=d","14.616467,121.052300","14.609081,121.055744 | 14.606256,121.057054 | 14.597583,121.059574 | 14.591307,121.057621 | 14.584518,121.055476 | 14.580332,121.054526","14.580878,121.053531",
antroute_path,Fri 18:15,2026-05-22T18:15:00,antroute_apple_eta_seconds AND baseline_apple_eta_seconds (same path),M03/leg1,"https://maps.apple.com/?saddr=14.616467,121.052300&daddr=14.618177,121.051835+to:14.620445,121.050807+to:14.621861,121.050158+to:14.624043,121.049075+to:14.627459,121.047540+to:14.628555,121.047031+to:14.630706,121.045708&dirflg=d","14.616467,121.052300","14.618177,121.051835 | 14.620445,121.050807 | 14.621861,121.050158 | 14.624043,121.049075 | 14.627459,121.047540 | 14.628555,121.047031","14.630706,121.045708",
antroute_path,Fri 18:15,2026-05-22T18:15:00,antroute_apple_eta_seconds AND baseline_apple_eta_seconds (same path),M03/leg2,"https://maps.apple.com/?saddr=14.630706,121.045708&daddr=14.628785,121.046652+to:14.627324,121.047330+to:14.625623,121.048108+to:14.623458,121.049075+to:14.621574,121.049958+to:14.622197,121.051699+to:14.622476,121.053329&dirflg=d","14.630706,121.045708","14.628785,121.046652 | 14.627324,121.047330 | 14.625623,121.048108 | 14.623458,121.049075 | 14.621574,121.049958 | 14.622197,121.051699","14.622476,121.053329",
antroute_path,Fri 18:15,2026-05-22T18:15:00,antroute_apple_eta_seconds,R05/leg1,"https://maps.apple.com/?saddr=14.622476,121.053329&daddr=14.622197,121.051699+to:14.623220,121.051210+to:14.626314,121.049702+to:14.626038,121.049080+to:14.627459,121.047540+to:14.628555,121.047031+to:14.630706,121.045708&dirflg=d","14.622476,121.053329","14.622197,121.051699 | 14.623220,121.051210 | 14.626314,121.049702 | 14.626038,121.049080 | 14.627459,121.047540 | 14.628555,121.047031","14.630706,121.045708",
apple_own_route,Fri 18:15,2026-05-22T18:15:00,apple_eta_seconds,E04/leg1,"https://maps.apple.com/?saddr=14.616467,121.052300&daddr=14.644204,121.037738&dirflg=d","14.616467,121.052300",,"14.644204,121.037738",
apple_own_route,Fri 18:15,2026-05-22T18:15:00,apple_eta_seconds,E05/leg1,"https://maps.apple.com/?saddr=14.616467,121.052300&daddr=14.580878,121.053531&dirflg=d","14.616467,121.052300",,"14.580878,121.053531",
apple_own_route,Fri 18:15,2026-05-22T18:15:00,apple_eta_seconds,M03/leg1,"https://maps.apple.com/?saddr=14.616467,121.052300&daddr=14.630706,121.045708&dirflg=d","14.616467,121.052300",,"14.630706,121.045708",
apple_own_route,Fri 18:15,2026-05-22T18:15:00,apple_eta_seconds,M03/leg2,"https://maps.apple.com/?saddr=14.630706,121.045708&daddr=14.622476,121.053329&dirflg=d","14.630706,121.045708",,"14.622476,121.053329",
apple_own_route,Fri 18:15,2026-05-22T18:15:00,apple_eta_seconds,"R05/leg1, A05/leg1","https://maps.apple.com/?saddr=14.622476,121.053329&daddr=14.630706,121.045708&dirflg=d","14.622476,121.053329",,"14.630706,121.045708",
baseline_path,Fri 18:15,2026-05-22T18:15:00,baseline_apple_eta_seconds,E05/leg1,"https://maps.apple.com/?saddr=14.616467,121.052300&daddr=14.609081,121.055744+to:14.602060,121.057718+to:14.594173,121.057285+to:14.587549,121.056455+to:14.580952,121.053847+to:14.578045,121.053995+to:14.580878,121.053531&dirflg=d","14.616467,121.052300","14.609081,121.055744 | 14.602060,121.057718 | 14.594173,121.057285 | 14.587549,121.056455 | 14.580952,121.053847 | 14.578045,121.053995","14.580878,121.053531",
baseline_path,Fri 18:15,2026-05-22T18:15:00,baseline_apple_eta_seconds,R05/leg1,"https://maps.apple.com/?saddr=14.622476,121.053329&daddr=14.622197,121.051699+to:14.621861,121.050158+to:14.624043,121.049075+to:14.625726,121.048331+to:14.627459,121.047540+to:14.628555,121.047031+to:14.630706,121.045708&dirflg=d","14.622476,121.053329","14.622197,121.051699 | 14.621861,121.050158 | 14.624043,121.049075 | 14.625726,121.048331 | 14.627459,121.047540 | 14.628555,121.047031","14.630706,121.045708",
antroute_path,Fri 18:20,2026-05-22T18:20:00,antroute_apple_eta_seconds,E06/leg1,"https://maps.apple.com/?saddr=14.644204,121.037738&daddr=14.641586,121.039089+to:14.637117,121.041984+to:14.635030,121.043337+to:14.628785,121.046652+to:14.624177,121.048791+to:14.621206,121.050123+to:14.616467,121.052300&dirflg=d","14.644204,121.037738","14.641586,121.039089 | 14.637117,121.041984 | 14.635030,121.043337 | 14.628785,121.046652 | 14.624177,121.048791 | 14.621206,121.050123","14.616467,121.052300",
apple_own_route,Fri 18:20,2026-05-22T18:20:00,apple_eta_seconds,E06/leg1,"https://maps.apple.com/?saddr=14.644204,121.037738&daddr=14.616467,121.052300&dirflg=d","14.644204,121.037738",,"14.616467,121.052300",
baseline_path,Fri 18:20,2026-05-22T18:20:00,baseline_apple_eta_seconds,E06/leg1,"https://maps.apple.com/?saddr=14.644204,121.037738&daddr=14.641586,121.039089+to:14.637117,121.041984+to:14.635030,121.043337+to:14.628785,121.046652+to:14.624177,121.048791+to:14.621206,121.050123+to:14.616467,121.052300&dirflg=d","14.644204,121.037738","14.641586,121.039089 | 14.637117,121.041984 | 14.635030,121.043337 | 14.628785,121.046652 | 14.624177,121.048791 | 14.621206,121.050123","14.616467,121.052300",
antroute_path,Fri 18:25,2026-05-22T18:25:00,antroute_apple_eta_seconds,A06/leg1,"https://maps.apple.com/?saddr=14.644204,121.037738&daddr=14.637117,121.041984+to:14.628785,121.046652+to:14.624177,121.048791+to:14.614891,121.053080+to:14.609081,121.055744+to:14.601666,121.059111+to:14.593441,121.058284&dirflg=d","14.644204,121.037738","14.637117,121.041984 | 14.628785,121.046652 | 14.624177,121.048791 | 14.614891,121.053080 | 14.609081,121.055744 | 14.601666,121.059111","14.593441,121.058284",
antroute_path,Fri 18:25,2026-05-22T18:25:00,antroute_apple_eta_seconds AND baseline_apple_eta_seconds (same path),E07/leg1,"https://maps.apple.com/?saddr=14.622476,121.053329&daddr=14.614048,121.053468+to:14.601666,121.059111+to:14.596305,121.059377+to:14.555289,121.035289+to:14.550071,121.029408&dirflg=d","14.622476,121.053329","14.614048,121.053468 | 14.601666,121.059111 | 14.596305,121.059377 | 14.555289,121.035289","14.550071,121.029408",
antroute_path,Fri 18:25,2026-05-22T18:25:00,antroute_apple_eta_seconds,R06/leg1,"https://maps.apple.com/?saddr=14.644204,121.037738&daddr=14.637117,121.041984+to:14.628785,121.046652+to:14.624177,121.048791+to:14.614891,121.053080+to:14.609081,121.055744+to:14.601666,121.059111+to:14.593441,121.058284&dirflg=d","14.644204,121.037738","14.637117,121.041984 | 14.628785,121.046652 | 14.624177,121.048791 | 14.614891,121.053080 | 14.609081,121.055744 | 14.601666,121.059111","14.593441,121.058284",
apple_own_route,Fri 18:25,2026-05-22T18:25:00,apple_eta_seconds,E07/leg1,"https://maps.apple.com/?saddr=14.622476,121.053329&daddr=14.550071,121.029408&dirflg=d","14.622476,121.053329",,"14.550071,121.029408",
apple_own_route,Fri 18:25,2026-05-22T18:25:00,apple_eta_seconds,"R06/leg1, A06/leg1","https://maps.apple.com/?saddr=14.644204,121.037738&daddr=14.593441,121.058284&dirflg=d","14.644204,121.037738",,"14.593441,121.058284",
baseline_path,Fri 18:25,2026-05-22T18:25:00,baseline_apple_eta_seconds,R06/leg1,"https://maps.apple.com/?saddr=14.644204,121.037738&daddr=14.637117,121.041984+to:14.628785,121.046652+to:14.624177,121.048791+to:14.614891,121.053080+to:14.609081,121.055744+to:14.601666,121.059111+to:14.593441,121.058284&dirflg=d","14.644204,121.037738","14.637117,121.041984 | 14.628785,121.046652 | 14.624177,121.048791 | 14.614891,121.053080 | 14.609081,121.055744 | 14.601666,121.059111","14.593441,121.058284",
antroute_path,Fri 18:30,2026-05-22T18:30:00,antroute_apple_eta_seconds,E08/leg1,"https://maps.apple.com/?saddr=14.644204,121.037738&daddr=14.641586,121.039089+to:14.637117,121.041984+to:14.635030,121.043337+to:14.628785,121.046652+to:14.624177,121.048791+to:14.621206,121.050123+to:14.616467,121.052300&dirflg=d","14.644204,121.037738","14.641586,121.039089 | 14.637117,121.041984 | 14.635030,121.043337 | 14.628785,121.046652 | 14.624177,121.048791 | 14.621206,121.050123","14.616467,121.052300",
antroute_path,Fri 18:30,2026-05-22T18:30:00,antroute_apple_eta_seconds AND baseline_apple_eta_seconds (same path),E09/leg1,"https://maps.apple.com/?saddr=14.616467,121.052300&daddr=14.618177,121.051835+to:14.620445,121.050807+to:14.621861,121.050158+to:14.624043,121.049075+to:14.627459,121.047540+to:14.628555,121.047031+to:14.630706,121.045708&dirflg=d","14.616467,121.052300","14.618177,121.051835 | 14.620445,121.050807 | 14.621861,121.050158 | 14.624043,121.049075 | 14.627459,121.047540 | 14.628555,121.047031","14.630706,121.045708",
apple_own_route,Fri 18:30,2026-05-22T18:30:00,apple_eta_seconds,E08/leg1,"https://maps.apple.com/?saddr=14.644204,121.037738&daddr=14.616467,121.052300&dirflg=d","14.644204,121.037738",,"14.616467,121.052300",
apple_own_route,Fri 18:30,2026-05-22T18:30:00,apple_eta_seconds,E09/leg1,"https://maps.apple.com/?saddr=14.616467,121.052300&daddr=14.630706,121.045708&dirflg=d","14.616467,121.052300",,"14.630706,121.045708",
baseline_path,Fri 18:30,2026-05-22T18:30:00,baseline_apple_eta_seconds,E08/leg1,"https://maps.apple.com/?saddr=14.644204,121.037738&daddr=14.641586,121.039089+to:14.637117,121.041984+to:14.635030,121.043337+to:14.628785,121.046652+to:14.624177,121.048791+to:14.621206,121.050123+to:14.616467,121.052300&dirflg=d","14.644204,121.037738","14.641586,121.039089 | 14.637117,121.041984 | 14.635030,121.043337 | 14.628785,121.046652 | 14.624177,121.048791 | 14.621206,121.050123","14.616467,121.052300",
antroute_path,Mon 07:15,2026-05-25T07:15:00,antroute_apple_eta_seconds,M04/leg1,"https://maps.apple.com/?saddr=14.622476,121.053329&daddr=14.621684,121.053724+to:14.619834,121.054639+to:14.619746,121.054667+to:14.618143,121.055322+to:14.617121,121.054599+to:14.616464,121.053576+to:14.616467,121.052300&dirflg=d","14.622476,121.053329","14.621684,121.053724 | 14.619834,121.054639 | 14.619746,121.054667 | 14.618143,121.055322 | 14.617121,121.054599 | 14.616464,121.053576","14.616467,121.052300",
antroute_path,Mon 07:15,2026-05-25T07:15:00,antroute_apple_eta_seconds AND baseline_apple_eta_seconds (same path),M04/leg2,"https://maps.apple.com/?saddr=14.616467,121.052300&daddr=14.606256,121.057054+to:14.596305,121.059377+to:14.555289,121.035289+to:14.550071,121.029408&dirflg=d","14.616467,121.052300","14.606256,121.057054 | 14.596305,121.059377 | 14.555289,121.035289","14.550071,121.029408",
apple_own_route,Mon 07:15,2026-05-25T07:15:00,apple_eta_seconds,M04/leg1,"https://maps.apple.com/?saddr=14.622476,121.053329&daddr=14.616467,121.052300&dirflg=d","14.622476,121.053329",,"14.616467,121.052300",
apple_own_route,Mon 07:15,2026-05-25T07:15:00,apple_eta_seconds,M04/leg2,"https://maps.apple.com/?saddr=14.616467,121.052300&daddr=14.550071,121.029408&dirflg=d","14.616467,121.052300",,"14.550071,121.029408",
baseline_path,Mon 07:15,2026-05-25T07:15:00,baseline_apple_eta_seconds,M04/leg1,"https://maps.apple.com/?saddr=14.622476,121.053329&daddr=14.622334,121.054642+to:14.621684,121.053724+to:14.619834,121.054639+to:14.618143,121.055322+to:14.617440,121.055066+to:14.616464,121.053576+to:14.616467,121.052300&dirflg=d","14.622476,121.053329","14.622334,121.054642 | 14.621684,121.053724 | 14.619834,121.054639 | 14.618143,121.055322 | 14.617440,121.055066 | 14.616464,121.053576","14.616467,121.052300",
antroute_path,Mon 07:50,2026-05-25T07:50:00,antroute_apple_eta_seconds AND baseline_apple_eta_seconds (same path),R07/leg1,"https://maps.apple.com/?saddr=14.583031,120.975508&daddr=14.582805,120.975409+to:14.581860,120.975966+to:14.580822,120.976580+to:14.579871,120.977141+to:14.579798,120.977413&dirflg=d","14.583031,120.975508","14.582805,120.975409 | 14.581860,120.975966 | 14.580822,120.976580 | 14.579871,120.977141","14.579798,120.977413",
apple_own_route,Mon 07:50,2026-05-25T07:50:00,apple_eta_seconds,"R07/leg1, A07/leg1","https://maps.apple.com/?saddr=14.583031,120.975508&daddr=14.579798,120.977413&dirflg=d","14.583031,120.975508",,"14.579798,120.977413",
antroute_path,Mon 08:00,2026-05-25T08:00:00,antroute_apple_eta_seconds,M05/leg1,"https://maps.apple.com/?saddr=14.644204,121.037738&daddr=14.641586,121.039089+to:14.637117,121.041984+to:14.633732,121.044106+to:14.629318,121.046333+to:14.625623,121.048108+to:14.621748,121.049865+to:14.622476,121.053329&dirflg=d","14.644204,121.037738","14.641586,121.039089 | 14.637117,121.041984 | 14.633732,121.044106 | 14.629318,121.046333 | 14.625623,121.048108 | 14.621748,121.049865","14.622476,121.053329",
antroute_path,Mon 08:00,2026-05-25T08:00:00,antroute_apple_eta_seconds,M05/leg2,"https://maps.apple.com/?saddr=14.622476,121.053329&daddr=14.622197,121.051699+to:14.623220,121.051210+to:14.626314,121.049702+to:14.626038,121.049080+to:14.627459,121.047540+to:14.628555,121.047031+to:14.630706,121.045708&dirflg=d","14.622476,121.053329","14.622197,121.051699 | 14.623220,121.051210 | 14.626314,121.049702 | 14.626038,121.049080 | 14.627459,121.047540 | 14.628555,121.047031","14.630706,121.045708",
apple_own_route,Mon 08:00,2026-05-25T08:00:00,apple_eta_seconds,M05/leg1,"https://maps.apple.com/?saddr=14.644204,121.037738&daddr=14.622476,121.053329&dirflg=d","14.644204,121.037738",,"14.622476,121.053329",
apple_own_route,Mon 08:00,2026-05-25T08:00:00,apple_eta_seconds,M05/leg2,"https://maps.apple.com/?saddr=14.622476,121.053329&daddr=14.630706,121.045708&dirflg=d","14.622476,121.053329",,"14.630706,121.045708",
baseline_path,Mon 08:00,2026-05-25T08:00:00,baseline_apple_eta_seconds,M05/leg1,"https://maps.apple.com/?saddr=14.644204,121.037738&daddr=14.641586,121.039089+to:14.637117,121.041984+to:14.633067,121.043511+to:14.630984,121.046646+to:14.629736,121.049140+to:14.627049,121.051364+to:14.622476,121.053329&dirflg=d","14.644204,121.037738","14.641586,121.039089 | 14.637117,121.041984 | 14.633067,121.043511 | 14.630984,121.046646 | 14.629736,121.049140 | 14.627049,121.051364","14.622476,121.053329",
baseline_path,Mon 08:00,2026-05-25T08:00:00,baseline_apple_eta_seconds,M05/leg2,"https://maps.apple.com/?saddr=14.622476,121.053329&daddr=14.622197,121.051699+to:14.621861,121.050158+to:14.624043,121.049075+to:14.625726,121.048331+to:14.627459,121.047540+to:14.628555,121.047031+to:14.630706,121.045708&dirflg=d","14.622476,121.053329","14.622197,121.051699 | 14.621861,121.050158 | 14.624043,121.049075 | 14.625726,121.048331 | 14.627459,121.047540 | 14.628555,121.047031","14.630706,121.045708",
antroute_path,Mon 08:25,2026-05-25T08:25:00,antroute_apple_eta_seconds,A08/leg1,"https://maps.apple.com/?saddr=14.630706,121.045708&daddr=14.628785,121.046652+to:14.627324,121.047330+to:14.625623,121.048108+to:14.623458,121.049075+to:14.621574,121.049958+to:14.622197,121.051699+to:14.622476,121.053329&dirflg=d","14.630706,121.045708","14.628785,121.046652 | 14.627324,121.047330 | 14.625623,121.048108 | 14.623458,121.049075 | 14.621574,121.049958 | 14.622197,121.051699","14.622476,121.053329",
antroute_path,Mon 08:25,2026-05-25T08:25:00,antroute_apple_eta_seconds,R08/leg1,"https://maps.apple.com/?saddr=14.630706,121.045708&daddr=14.628785,121.046652+to:14.627324,121.047330+to:14.625623,121.048108+to:14.623458,121.049075+to:14.621574,121.049958+to:14.622172,121.051643+to:14.622476,121.053329&dirflg=d","14.630706,121.045708","14.628785,121.046652 | 14.627324,121.047330 | 14.625623,121.048108 | 14.623458,121.049075 | 14.621574,121.049958 | 14.622172,121.051643","14.622476,121.053329",
apple_own_route,Mon 08:25,2026-05-25T08:25:00,apple_eta_seconds,"R08/leg1, A08/leg1","https://maps.apple.com/?saddr=14.630706,121.045708&daddr=14.622476,121.053329&dirflg=d","14.630706,121.045708",,"14.622476,121.053329",
baseline_path,Mon 08:25,2026-05-25T08:25:00,baseline_apple_eta_seconds,R08/leg1,"https://maps.apple.com/?saddr=14.630706,121.045708&daddr=14.628785,121.046652+to:14.627324,121.047330+to:14.625623,121.048108+to:14.623458,121.049075+to:14.621574,121.049958+to:14.622197,121.051699+to:14.622476,121.053329&dirflg=d","14.630706,121.045708","14.628785,121.046652 | 14.627324,121.047330 | 14.625623,121.048108 | 14.623458,121.049075 | 14.621574,121.049958 | 14.622197,121.051699","14.622476,121.053329",
antroute_path,Mon 17:00,2026-05-25T17:00:00,antroute_apple_eta_seconds AND baseline_apple_eta_seconds (same path),M06/leg1,"https://maps.apple.com/?saddr=14.630706,121.045708&daddr=14.628785,121.046652+to:14.627324,121.047330+to:14.624177,121.048791+to:14.621748,121.049865+to:14.621206,121.050123+to:14.617976,121.051603+to:14.616467,121.052300&dirflg=d","14.630706,121.045708","14.628785,121.046652 | 14.627324,121.047330 | 14.624177,121.048791 | 14.621748,121.049865 | 14.621206,121.050123 | 14.617976,121.051603","14.616467,121.052300",
antroute_path,Mon 17:00,2026-05-25T17:00:00,antroute_apple_eta_seconds,M06/leg2,"https://maps.apple.com/?saddr=14.616467,121.052300&daddr=14.616777,121.052488+to:14.619012,121.053211+to:14.619129,121.053243+to:14.621015,121.052274+to:14.621789,121.051891+to:14.622476,121.053329&dirflg=d","14.616467,121.052300","14.616777,121.052488 | 14.619012,121.053211 | 14.619129,121.053243 | 14.621015,121.052274 | 14.621789,121.051891","14.622476,121.053329",
apple_own_route,Mon 17:00,2026-05-25T17:00:00,apple_eta_seconds,M06/leg1,"https://maps.apple.com/?saddr=14.630706,121.045708&daddr=14.616467,121.052300&dirflg=d","14.630706,121.045708",,"14.616467,121.052300",
apple_own_route,Mon 17:00,2026-05-25T17:00:00,apple_eta_seconds,M06/leg2,"https://maps.apple.com/?saddr=14.616467,121.052300&daddr=14.622476,121.053329&dirflg=d","14.616467,121.052300",,"14.622476,121.053329",
baseline_path,Mon 17:00,2026-05-25T17:00:00,baseline_apple_eta_seconds,M06/leg2,"https://maps.apple.com/?saddr=14.616467,121.052300&daddr=14.618177,121.051835+to:14.620401,121.050936+to:14.620445,121.050807+to:14.621872,121.050939+to:14.621789,121.051891+to:14.622476,121.053329&dirflg=d","14.616467,121.052300","14.618177,121.051835 | 14.620401,121.050936 | 14.620445,121.050807 | 14.621872,121.050939 | 14.621789,121.051891","14.622476,121.053329",
antroute_path,Mon 17:25,2026-05-25T17:25:00,antroute_apple_eta_seconds,M07/leg1,"https://maps.apple.com/?saddr=14.644204,121.037738&daddr=14.641586,121.039089+to:14.637117,121.041984+to:14.635030,121.043337+to:14.628785,121.046652+to:14.625623,121.048108+to:14.621748,121.049865+to:14.622476,121.053329&dirflg=d","14.644204,121.037738","14.641586,121.039089 | 14.637117,121.041984 | 14.635030,121.043337 | 14.628785,121.046652 | 14.625623,121.048108 | 14.621748,121.049865","14.622476,121.053329",
antroute_path,Mon 17:25,2026-05-25T17:25:00,antroute_apple_eta_seconds AND baseline_apple_eta_seconds (same path),M07/leg2,"https://maps.apple.com/?saddr=14.622476,121.053329&daddr=14.614048,121.053468+to:14.601666,121.059111+to:14.596305,121.059377+to:14.555289,121.035289+to:14.550071,121.029408&dirflg=d","14.622476,121.053329","14.614048,121.053468 | 14.601666,121.059111 | 14.596305,121.059377 | 14.555289,121.035289","14.550071,121.029408",
apple_own_route,Mon 17:25,2026-05-25T17:25:00,apple_eta_seconds,M07/leg1,"https://maps.apple.com/?saddr=14.644204,121.037738&daddr=14.622476,121.053329&dirflg=d","14.644204,121.037738",,"14.622476,121.053329",
apple_own_route,Mon 17:25,2026-05-25T17:25:00,apple_eta_seconds,M07/leg2,"https://maps.apple.com/?saddr=14.622476,121.053329&daddr=14.550071,121.029408&dirflg=d","14.622476,121.053329",,"14.550071,121.029408",
baseline_path,Mon 17:25,2026-05-25T17:25:00,baseline_apple_eta_seconds,M07/leg1,"https://maps.apple.com/?saddr=14.644204,121.037738&daddr=14.641586,121.039089+to:14.637117,121.041984+to:14.633409,121.044318+to:14.631186,121.047345+to:14.630077,121.050361+to:14.625348,121.052901+to:14.622476,121.053329&dirflg=d","14.644204,121.037738","14.641586,121.039089 | 14.637117,121.041984 | 14.633409,121.044318 | 14.631186,121.047345 | 14.630077,121.050361 | 14.625348,121.052901","14.622476,121.053329",
antroute_path,Mon 17:40,2026-05-25T17:40:00,antroute_apple_eta_seconds,A09/leg1,"https://maps.apple.com/?saddr=14.622476,121.053329&daddr=14.623220,121.051210+to:14.625726,121.048331+to:14.630809,121.046041+to:14.633569,121.044618+to:14.637265,121.042173+to:14.641266,121.039583+to:14.644204,121.037738&dirflg=d","14.622476,121.053329","14.623220,121.051210 | 14.625726,121.048331 | 14.630809,121.046041 | 14.633569,121.044618 | 14.637265,121.042173 | 14.641266,121.039583","14.644204,121.037738",
antroute_path,Mon 17:40,2026-05-25T17:40:00,antroute_apple_eta_seconds AND baseline_apple_eta_seconds (same path),M08/leg1,"https://maps.apple.com/?saddr=14.622476,121.053329&daddr=14.621684,121.053724+to:14.619834,121.054639+to:14.619746,121.054667+to:14.618143,121.055322+to:14.617121,121.054599+to:14.616464,121.053576+to:14.616467,121.052300&dirflg=d","14.622476,121.053329","14.621684,121.053724 | 14.619834,121.054639 | 14.619746,121.054667 | 14.618143,121.055322 | 14.617121,121.054599 | 14.616464,121.053576","14.616467,121.052300",
antroute_path,Mon 17:40,2026-05-25T17:40:00,antroute_apple_eta_seconds,M08/leg2,"https://maps.apple.com/?saddr=14.616467,121.052300&daddr=14.620356,121.050850+to:14.624043,121.049075+to:14.628555,121.047031+to:14.632767,121.045127+to:14.637265,121.042173+to:14.641266,121.039583+to:14.644204,121.037738&dirflg=d","14.616467,121.052300","14.620356,121.050850 | 14.624043,121.049075 | 14.628555,121.047031 | 14.632767,121.045127 | 14.637265,121.042173 | 14.641266,121.039583","14.644204,121.037738",
antroute_path,Mon 17:40,2026-05-25T17:40:00,antroute_apple_eta_seconds,R09/leg1,"https://maps.apple.com/?saddr=14.622476,121.053329&daddr=14.623220,121.051210+to:14.627767,121.048279+to:14.630809,121.046041+to:14.633569,121.044618+to:14.637265,121.042173+to:14.641266,121.039583+to:14.644204,121.037738&dirflg=d","14.622476,121.053329","14.623220,121.051210 | 14.627767,121.048279 | 14.630809,121.046041 | 14.633569,121.044618 | 14.637265,121.042173 | 14.641266,121.039583","14.644204,121.037738",
apple_own_route,Mon 17:40,2026-05-25T17:40:00,apple_eta_seconds,M08/leg1,"https://maps.apple.com/?saddr=14.622476,121.053329&daddr=14.616467,121.052300&dirflg=d","14.622476,121.053329",,"14.616467,121.052300",
apple_own_route,Mon 17:40,2026-05-25T17:40:00,apple_eta_seconds,M08/leg2,"https://maps.apple.com/?saddr=14.616467,121.052300&daddr=14.644204,121.037738&dirflg=d","14.616467,121.052300",,"14.644204,121.037738",
apple_own_route,Mon 17:40,2026-05-25T17:40:00,apple_eta_seconds,"R09/leg1, A09/leg1","https://maps.apple.com/?saddr=14.622476,121.053329&daddr=14.644204,121.037738&dirflg=d","14.622476,121.053329",,"14.644204,121.037738",
baseline_path,Mon 17:40,2026-05-25T17:40:00,baseline_apple_eta_seconds,M08/leg2,"https://maps.apple.com/?saddr=14.616467,121.052300&daddr=14.620445,121.050807+to:14.623220,121.051210+to:14.627459,121.047540+to:14.631796,121.045577+to:14.635158,121.043557+to:14.641266,121.039583+to:14.644204,121.037738&dirflg=d","14.616467,121.052300","14.620445,121.050807 | 14.623220,121.051210 | 14.627459,121.047540 | 14.631796,121.045577 | 14.635158,121.043557 | 14.641266,121.039583","14.644204,121.037738",
baseline_path,Mon 17:40,2026-05-25T17:40:00,baseline_apple_eta_seconds,R09/leg1,"https://maps.apple.com/?saddr=14.622476,121.053329&daddr=14.623220,121.051210+to:14.626038,121.049080+to:14.628555,121.047031+to:14.633154,121.044891+to:14.637265,121.042173+to:14.641266,121.039583+to:14.644204,121.037738&dirflg=d","14.622476,121.053329","14.623220,121.051210 | 14.626038,121.049080 | 14.628555,121.047031 | 14.633154,121.044891 | 14.637265,121.042173 | 14.641266,121.039583","14.644204,121.037738",
antroute_path,Mon 17:50,2026-05-25T17:50:00,antroute_apple_eta_seconds,M09/leg1,"https://maps.apple.com/?saddr=14.616467,121.052300&daddr=14.616777,121.052488+to:14.619012,121.053211+to:14.619129,121.053243+to:14.621015,121.052274+to:14.621789,121.051891+to:14.622476,121.053329&dirflg=d","14.616467,121.052300","14.616777,121.052488 | 14.619012,121.053211 | 14.619129,121.053243 | 14.621015,121.052274 | 14.621789,121.051891","14.622476,121.053329",
antroute_path,Mon 17:50,2026-05-25T17:50:00,antroute_apple_eta_seconds,M09/leg2,"https://maps.apple.com/?saddr=14.622476,121.053329&daddr=14.622197,121.051699+to:14.623220,121.051210+to:14.626314,121.049702+to:14.626038,121.049080+to:14.627459,121.047540+to:14.628555,121.047031+to:14.630706,121.045708&dirflg=d","14.622476,121.053329","14.622197,121.051699 | 14.623220,121.051210 | 14.626314,121.049702 | 14.626038,121.049080 | 14.627459,121.047540 | 14.628555,121.047031","14.630706,121.045708",
antroute_path,Mon 17:50,2026-05-25T17:50:00,antroute_apple_eta_seconds AND baseline_apple_eta_seconds (same path),R10/leg1,"https://maps.apple.com/?saddr=14.630706,121.045708&daddr=14.628785,121.046652+to:14.627324,121.047330+to:14.624177,121.048791+to:14.621748,121.049865+to:14.621206,121.050123+to:14.617976,121.051603+to:14.616467,121.052300&dirflg=d","14.630706,121.045708","14.628785,121.046652 | 14.627324,121.047330 | 14.624177,121.048791 | 14.621748,121.049865 | 14.621206,121.050123 | 14.617976,121.051603","14.616467,121.052300",
apple_own_route,Mon 17:50,2026-05-25T17:50:00,apple_eta_seconds,M09/leg1,"https://maps.apple.com/?saddr=14.616467,121.052300&daddr=14.622476,121.053329&dirflg=d","14.616467,121.052300",,"14.622476,121.053329",
apple_own_route,Mon 17:50,2026-05-25T17:50:00,apple_eta_seconds,M09/leg2,"https://maps.apple.com/?saddr=14.622476,121.053329&daddr=14.630706,121.045708&dirflg=d","14.622476,121.053329",,"14.630706,121.045708",
apple_own_route,Mon 17:50,2026-05-25T17:50:00,apple_eta_seconds,"R10/leg1, A10/leg1","https://maps.apple.com/?saddr=14.630706,121.045708&daddr=14.616467,121.052300&dirflg=d","14.630706,121.045708",,"14.616467,121.052300",
baseline_path,Mon 17:50,2026-05-25T17:50:00,baseline_apple_eta_seconds,M09/leg1,"https://maps.apple.com/?saddr=14.616467,121.052300&daddr=14.618177,121.051835+to:14.620401,121.050936+to:14.620445,121.050807+to:14.621872,121.050939+to:14.621789,121.051891+to:14.622476,121.053329&dirflg=d","14.616467,121.052300","14.618177,121.051835 | 14.620401,121.050936 | 14.620445,121.050807 | 14.621872,121.050939 | 14.621789,121.051891","14.622476,121.053329",
baseline_path,Mon 17:50,2026-05-25T17:50:00,baseline_apple_eta_seconds,M09/leg2,"https://maps.apple.com/?saddr=14.622476,121.053329&daddr=14.623049,121.053217+to:14.622298,121.051622+to:14.621861,121.050158+to:14.625726,121.048331+to:14.627459,121.047540+to:14.628555,121.047031+to:14.630706,121.045708&dirflg=d","14.622476,121.053329","14.623049,121.053217 | 14.622298,121.051622 | 14.621861,121.050158 | 14.625726,121.048331 | 14.627459,121.047540 | 14.628555,121.047031","14.630706,121.045708",
antroute_path,Mon 18:15,2026-05-25T18:15:00,antroute_apple_eta_seconds AND baseline_apple_eta_seconds (same path),M10/leg1,"https://maps.apple.com/?saddr=14.630706,121.045708&daddr=14.628785,121.046652+to:14.627324,121.047330+to:14.624177,121.048791+to:14.621748,121.049865+to:14.621206,121.050123+to:14.617976,121.051603+to:14.616467,121.052300&dirflg=d","14.630706,121.045708","14.628785,121.046652 | 14.627324,121.047330 | 14.624177,121.048791 | 14.621748,121.049865 | 14.621206,121.050123 | 14.617976,121.051603","14.616467,121.052300",
antroute_path,Mon 18:15,2026-05-25T18:15:00,antroute_apple_eta_seconds AND baseline_apple_eta_seconds (same path),M10/leg2,"https://maps.apple.com/?saddr=14.616467,121.052300&daddr=14.620356,121.050850+to:14.624043,121.049075+to:14.628555,121.047031+to:14.632767,121.045127+to:14.637265,121.042173+to:14.641266,121.039583+to:14.644204,121.037738&dirflg=d","14.616467,121.052300","14.620356,121.050850 | 14.624043,121.049075 | 14.628555,121.047031 | 14.632767,121.045127 | 14.637265,121.042173 | 14.641266,121.039583","14.644204,121.037738",
apple_own_route,Mon 18:15,2026-05-25T18:15:00,apple_eta_seconds,M10/leg1,"https://maps.apple.com/?saddr=14.630706,121.045708&daddr=14.616467,121.052300&dirflg=d","14.630706,121.045708",,"14.616467,121.052300",
apple_own_route,Mon 18:15,2026-05-25T18:15:00,apple_eta_seconds,M10/leg2,"https://maps.apple.com/?saddr=14.616467,121.052300&daddr=14.644204,121.037738&dirflg=d","14.616467,121.052300",,"14.644204,121.037738",
antroute_path,Mon 18:30,2026-05-25T18:30:00,antroute_apple_eta_seconds,E10/leg1,"https://maps.apple.com/?saddr=14.616467,121.052300&daddr=14.614048,121.053468+to:14.609081,121.055744+to:14.606256,121.057054+to:14.601666,121.059111+to:14.597111,121.059515+to:14.593441,121.058284&dirflg=d","14.616467,121.052300","14.614048,121.053468 | 14.609081,121.055744 | 14.606256,121.057054 | 14.601666,121.059111 | 14.597111,121.059515","14.593441,121.058284",
apple_own_route,Mon 18:30,2026-05-25T18:30:00,apple_eta_seconds,E10/leg1,"https://maps.apple.com/?saddr=14.616467,121.052300&daddr=14.593441,121.058284&dirflg=d","14.616467,121.052300",,"14.593441,121.058284",
baseline_path,Mon 18:30,2026-05-25T18:30:00,baseline_apple_eta_seconds,E10/leg1,"https://maps.apple.com/?saddr=14.616467,121.052300&daddr=14.614048,121.053468+to:14.609081,121.055744+to:14.606256,121.057054+to:14.601666,121.059111+to:14.597111,121.059515+to:14.593441,121.058284&dirflg=d","14.616467,121.052300","14.614048,121.053468 | 14.609081,121.055744 | 14.606256,121.057054 | 14.601666,121.059111 | 14.597111,121.059515","14.593441,121.058284",
