assigned_to,lookup,leave_at,window,fill_in,trip_legs,maps_url,start,stops,end,eta_seconds
Angel,antroute_path,Mon 17:25,2026-05-25T17:25:00,antroute_apple_eta_seconds,R08/leg1,"https://maps.apple.com/?saddr=14.593441,121.058284&daddr=14.601465,121.058574+to:14.596305,121.059377+to:14.555289,121.035289+to:14.550071,121.029408&dirflg=d","14.593441,121.058284","14.601465,121.058574 | 14.596305,121.059377 | 14.555289,121.035289","14.550071,121.029408",
Angel,apple_own_route,Mon 17:25,2026-05-25T17:25:00,apple_eta_seconds,"R08/leg1, A08/leg1","https://maps.apple.com/?saddr=14.593441,121.058284&daddr=14.550071,121.029408&dirflg=d","14.593441,121.058284",,"14.550071,121.029408",
Angel,baseline_path,Mon 17:25,2026-05-25T17:25:00,baseline_apple_eta_seconds,R08/leg1,"https://maps.apple.com/?saddr=14.593441,121.058284&daddr=14.597967,121.056761+to:14.596541,121.059442+to:14.596305,121.059377+to:14.555289,121.035289+to:14.550071,121.029408&dirflg=d","14.593441,121.058284","14.597967,121.056761 | 14.596541,121.059442 | 14.596305,121.059377 | 14.555289,121.035289","14.550071,121.029408",
Angel,antroute_path,Mon 17:50,2026-05-25T17:50:00,antroute_apple_eta_seconds AND baseline_apple_eta_seconds (same path),M07/leg1,"https://maps.apple.com/?saddr=14.630706,121.045708&daddr=14.628785,121.046652+to:14.627324,121.047330+to:14.625623,121.048108+to:14.623458,121.049075+to:14.621574,121.049958+to:14.622197,121.051699+to:14.622476,121.053329&dirflg=d","14.630706,121.045708","14.628785,121.046652 | 14.627324,121.047330 | 14.625623,121.048108 | 14.623458,121.049075 | 14.621574,121.049958 | 14.622197,121.051699","14.622476,121.053329",
Angel,antroute_path,Mon 17:50,2026-05-25T17:50:00,antroute_apple_eta_seconds,M07/leg2,"https://maps.apple.com/?saddr=14.622476,121.053329&daddr=14.621861,121.050158+to:14.625726,121.048331+to:14.628555,121.047031+to:14.635158,121.043557+to:14.637265,121.042173+to:14.641266,121.039583+to:14.644204,121.037738&dirflg=d","14.622476,121.053329","14.621861,121.050158 | 14.625726,121.048331 | 14.628555,121.047031 | 14.635158,121.043557 | 14.637265,121.042173 | 14.641266,121.039583","14.644204,121.037738",
Angel,apple_own_route,Mon 17:50,2026-05-25T17:50:00,apple_eta_seconds,M07/leg1,"https://maps.apple.com/?saddr=14.630706,121.045708&daddr=14.622476,121.053329&dirflg=d","14.630706,121.045708",,"14.622476,121.053329",
Angel,apple_own_route,Mon 17:50,2026-05-25T17:50:00,apple_eta_seconds,M07/leg2,"https://maps.apple.com/?saddr=14.622476,121.053329&daddr=14.644204,121.037738&dirflg=d","14.622476,121.053329",,"14.644204,121.037738",
Angel,baseline_path,Mon 17:50,2026-05-25T17:50:00,baseline_apple_eta_seconds,M07/leg2,"https://maps.apple.com/?saddr=14.622476,121.053329&daddr=14.624586,121.051216+to:14.626573,121.050281+to:14.628555,121.047031+to:14.635158,121.043557+to:14.637265,121.042173+to:14.641266,121.039583+to:14.644204,121.037738&dirflg=d","14.622476,121.053329","14.624586,121.051216 | 14.626573,121.050281 | 14.628555,121.047031 | 14.635158,121.043557 | 14.637265,121.042173 | 14.641266,121.039583","14.644204,121.037738",
Angel,antroute_path,Mon 18:05,2026-05-25T18:05:00,antroute_apple_eta_seconds AND baseline_apple_eta_seconds (same path),M09/leg1,"https://maps.apple.com/?saddr=14.644204,121.037738&daddr=14.643049,121.038071+to:14.641586,121.039089+to:14.639614,121.040364+to:14.637117,121.041984+to:14.634627,121.043515+to:14.633008,121.044594+to:14.630706,121.045708&dirflg=d","14.644204,121.037738","14.643049,121.038071 | 14.641586,121.039089 | 14.639614,121.040364 | 14.637117,121.041984 | 14.634627,121.043515 | 14.633008,121.044594","14.630706,121.045708",
Angel,antroute_path,Mon 18:05,2026-05-25T18:05:00,antroute_apple_eta_seconds AND baseline_apple_eta_seconds (same path),M09/leg2,"https://maps.apple.com/?saddr=14.630706,121.045708&daddr=14.628785,121.046652+to:14.627324,121.047330+to:14.624177,121.048791+to:14.621748,121.049865+to:14.621206,121.050123+to:14.617976,121.051603+to:14.616467,121.052300&dirflg=d","14.630706,121.045708","14.628785,121.046652 | 14.627324,121.047330 | 14.624177,121.048791 | 14.621748,121.049865 | 14.621206,121.050123 | 14.617976,121.051603","14.616467,121.052300",
Angel,antroute_path,Mon 18:05,2026-05-25T18:05:00,antroute_apple_eta_seconds,R10/leg1,"https://maps.apple.com/?saddr=14.593441,121.058284&daddr=14.591307,121.057621+to:14.587549,121.056455+to:14.584518,121.055476+to:14.581600,121.053654+to:14.579646,121.055337+to:14.578879,121.053066+to:14.580878,121.053531&dirflg=d","14.593441,121.058284","14.591307,121.057621 | 14.587549,121.056455 | 14.584518,121.055476 | 14.581600,121.053654 | 14.579646,121.055337 | 14.578879,121.053066","14.580878,121.053531",
Angel,apple_own_route,Mon 18:05,2026-05-25T18:05:00,apple_eta_seconds,M09/leg1,"https://maps.apple.com/?saddr=14.644204,121.037738&daddr=14.630706,121.045708&dirflg=d","14.644204,121.037738",,"14.630706,121.045708",
Angel,apple_own_route,Mon 18:05,2026-05-25T18:05:00,apple_eta_seconds,M09/leg2,"https://maps.apple.com/?saddr=14.630706,121.045708&daddr=14.616467,121.052300&dirflg=d","14.630706,121.045708",,"14.616467,121.052300",
Angel,apple_own_route,Mon 18:05,2026-05-25T18:05:00,apple_eta_seconds,"R10/leg1, A10/leg1","https://maps.apple.com/?saddr=14.593441,121.058284&daddr=14.580878,121.053531&dirflg=d","14.593441,121.058284",,"14.580878,121.053531",
Angel,baseline_path,Mon 18:05,2026-05-25T18:05:00,baseline_apple_eta_seconds,R10/leg1,"https://maps.apple.com/?saddr=14.593441,121.058284&daddr=14.589082,121.056997+to:14.584518,121.055476+to:14.581470,121.053564+to:14.578136,121.053984+to:14.575139,121.054650+to:14.577642,121.051180+to:14.580878,121.053531&dirflg=d","14.593441,121.058284","14.589082,121.056997 | 14.584518,121.055476 | 14.581470,121.053564 | 14.578136,121.053984 | 14.575139,121.054650 | 14.577642,121.051180","14.580878,121.053531",
Angel,antroute_path,Mon 18:30,2026-05-25T18:30:00,antroute_apple_eta_seconds,E06/leg1,"https://maps.apple.com/?saddr=14.593441,121.058284&daddr=14.601465,121.058574+to:14.596305,121.059377+to:14.555289,121.035289+to:14.550071,121.029408&dirflg=d","14.593441,121.058284","14.601465,121.058574 | 14.596305,121.059377 | 14.555289,121.035289","14.550071,121.029408",
Angel,antroute_path,Mon 18:30,2026-05-25T18:30:00,antroute_apple_eta_seconds,E07/leg1,"https://maps.apple.com/?saddr=14.593441,121.058284&daddr=14.591307,121.057621+to:14.587549,121.056455+to:14.584518,121.055476+to:14.581600,121.053654+to:14.579646,121.055337+to:14.578879,121.053066+to:14.580878,121.053531&dirflg=d","14.593441,121.058284","14.591307,121.057621 | 14.587549,121.056455 | 14.584518,121.055476 | 14.581600,121.053654 | 14.579646,121.055337 | 14.578879,121.053066","14.580878,121.053531",
Angel,antroute_path,Mon 18:30,2026-05-25T18:30:00,antroute_apple_eta_seconds,E08/leg1,"https://maps.apple.com/?saddr=14.644204,121.037738&daddr=14.637117,121.041984+to:14.628785,121.046652+to:14.623458,121.049075+to:14.616126,121.052454+to:14.609081,121.055744+to:14.601666,121.059111+to:14.593441,121.058284&dirflg=d","14.644204,121.037738","14.637117,121.041984 | 14.628785,121.046652 | 14.623458,121.049075 | 14.616126,121.052454 | 14.609081,121.055744 | 14.601666,121.059111","14.593441,121.058284",
Angel,antroute_path,Mon 18:30,2026-05-25T18:30:00,antroute_apple_eta_seconds,E09/leg1,"https://maps.apple.com/?saddr=14.550071,121.029408&daddr=14.555219,121.035354+to:14.557497,121.038096+to:14.588780,121.057128+to:14.593441,121.058284&dirflg=d","14.550071,121.029408","14.555219,121.035354 | 14.557497,121.038096 | 14.588780,121.057128","14.593441,121.058284",
Angel,antroute_path,Mon 18:30,2026-05-25T18:30:00,antroute_apple_eta_seconds AND baseline_apple_eta_seconds (same path),E10/leg1,"https://maps.apple.com/?saddr=14.616467,121.052300&daddr=14.614048,121.053468+to:14.609081,121.055744+to:14.606256,121.057054+to:14.601666,121.059111+to:14.597111,121.059515+to:14.593441,121.058284&dirflg=d","14.616467,121.052300","14.614048,121.053468 | 14.609081,121.055744 | 14.606256,121.057054 | 14.601666,121.059111 | 14.597111,121.059515","14.593441,121.058284",
Angel,apple_own_route,Mon 18:30,2026-05-25T18:30:00,apple_eta_seconds,E06/leg1,"https://maps.apple.com/?saddr=14.593441,121.058284&daddr=14.550071,121.029408&dirflg=d","14.593441,121.058284",,"14.550071,121.029408",
Angel,apple_own_route,Mon 18:30,2026-05-25T18:30:00,apple_eta_seconds,E07/leg1,"https://maps.apple.com/?saddr=14.593441,121.058284&daddr=14.580878,121.053531&dirflg=d","14.593441,121.058284",,"14.580878,121.053531",
Angel,apple_own_route,Mon 18:30,2026-05-25T18:30:00,apple_eta_seconds,E08/leg1,"https://maps.apple.com/?saddr=14.644204,121.037738&daddr=14.593441,121.058284&dirflg=d","14.644204,121.037738",,"14.593441,121.058284",
Angel,apple_own_route,Mon 18:30,2026-05-25T18:30:00,apple_eta_seconds,E09/leg1,"https://maps.apple.com/?saddr=14.550071,121.029408&daddr=14.593441,121.058284&dirflg=d","14.550071,121.029408",,"14.593441,121.058284",
Angel,apple_own_route,Mon 18:30,2026-05-25T18:30:00,apple_eta_seconds,E10/leg1,"https://maps.apple.com/?saddr=14.616467,121.052300&daddr=14.593441,121.058284&dirflg=d","14.616467,121.052300",,"14.593441,121.058284",
Angel,baseline_path,Mon 18:30,2026-05-25T18:30:00,baseline_apple_eta_seconds,E06/leg1,"https://maps.apple.com/?saddr=14.593441,121.058284&daddr=14.601283,121.058068+to:14.596305,121.059377+to:14.555289,121.035289+to:14.550071,121.029408&dirflg=d","14.593441,121.058284","14.601283,121.058068 | 14.596305,121.059377 | 14.555289,121.035289","14.550071,121.029408",
Angel,baseline_path,Mon 18:30,2026-05-25T18:30:00,baseline_apple_eta_seconds,E07/leg1,"https://maps.apple.com/?saddr=14.593441,121.058284&daddr=14.589082,121.056997+to:14.584518,121.055476+to:14.584244,121.055635+to:14.581293,121.057891+to:14.578243,121.057225+to:14.579646,121.055337+to:14.580878,121.053531&dirflg=d","14.593441,121.058284","14.589082,121.056997 | 14.584518,121.055476 | 14.584244,121.055635 | 14.581293,121.057891 | 14.578243,121.057225 | 14.579646,121.055337","14.580878,121.053531",
Angel,baseline_path,Mon 18:30,2026-05-25T18:30:00,baseline_apple_eta_seconds,E08/leg1,"https://maps.apple.com/?saddr=14.644204,121.037738&daddr=14.637117,121.041984+to:14.628785,121.046652+to:14.624177,121.048791+to:14.614891,121.053080+to:14.609081,121.055744+to:14.601666,121.059111+to:14.593441,121.058284&dirflg=d","14.644204,121.037738","14.637117,121.041984 | 14.628785,121.046652 | 14.624177,121.048791 | 14.614891,121.053080 | 14.609081,121.055744 | 14.601666,121.059111","14.593441,121.058284",
Angel,baseline_path,Mon 18:30,2026-05-25T18:30:00,baseline_apple_eta_seconds,E09/leg1,"https://maps.apple.com/?saddr=14.550071,121.029408&daddr=14.555219,121.035354+to:14.557497,121.038096+to:14.588780,121.057128+to:14.593441,121.058284&dirflg=d","14.550071,121.029408","14.555219,121.035354 | 14.557497,121.038096 | 14.588780,121.057128","14.593441,121.058284",
Joshua,antroute_path,Mon 17:00,2026-05-25T17:00:00,antroute_apple_eta_seconds,A07/leg1,"https://maps.apple.com/?saddr=14.622476,121.053329&daddr=14.618143,121.055322+to:14.616126,121.052454+to:14.609081,121.055744+to:14.606256,121.057054+to:14.601666,121.059111+to:14.597583,121.059574+to:14.593441,121.058284&dirflg=d","14.622476,121.053329","14.618143,121.055322 | 14.616126,121.052454 | 14.609081,121.055744 | 14.606256,121.057054 | 14.601666,121.059111 | 14.597583,121.059574","14.593441,121.058284",
Joshua,antroute_path,Mon 17:00,2026-05-25T17:00:00,antroute_apple_eta_seconds,R07/leg1,"https://maps.apple.com/?saddr=14.622476,121.053329&daddr=14.618143,121.055322+to:14.616126,121.052454+to:14.609081,121.055744+to:14.606256,121.057054+to:14.601666,121.059111+to:14.597583,121.059574+to:14.593441,121.058284&dirflg=d","14.622476,121.053329","14.618143,121.055322 | 14.616126,121.052454 | 14.609081,121.055744 | 14.606256,121.057054 | 14.601666,121.059111 | 14.597583,121.059574","14.593441,121.058284",
Joshua,apple_own_route,Mon 17:00,2026-05-25T17:00:00,apple_eta_seconds,"R07/leg1, A07/leg1","https://maps.apple.com/?saddr=14.622476,121.053329&daddr=14.593441,121.058284&dirflg=d","14.622476,121.053329",,"14.593441,121.058284",
Joshua,baseline_path,Mon 17:00,2026-05-25T17:00:00,baseline_apple_eta_seconds,R07/leg1,"https://maps.apple.com/?saddr=14.622476,121.053329&daddr=14.618527,121.056503+to:14.614269,121.055213+to:14.616126,121.052454+to:14.609081,121.055744+to:14.606256,121.057054+to:14.597583,121.059574+to:14.593441,121.058284&dirflg=d","14.622476,121.053329","14.618527,121.056503 | 14.614269,121.055213 | 14.616126,121.052454 | 14.609081,121.055744 | 14.606256,121.057054 | 14.597583,121.059574","14.593441,121.058284",
Joshua,antroute_path,Mon 17:30,2026-05-25T17:30:00,antroute_apple_eta_seconds,M06/leg1,"https://maps.apple.com/?saddr=14.622476,121.053329&daddr=14.621684,121.053724+to:14.619834,121.054639+to:14.619746,121.054667+to:14.618143,121.055322+to:14.617121,121.054599+to:14.616464,121.053576+to:14.616467,121.052300&dirflg=d","14.622476,121.053329","14.621684,121.053724 | 14.619834,121.054639 | 14.619746,121.054667 | 14.618143,121.055322 | 14.617121,121.054599 | 14.616464,121.053576","14.616467,121.052300",
Joshua,antroute_path,Mon 17:30,2026-05-25T17:30:00,antroute_apple_eta_seconds AND baseline_apple_eta_seconds (same path),M06/leg2,"https://maps.apple.com/?saddr=14.616467,121.052300&daddr=14.606256,121.057054+to:14.596305,121.059377+to:14.555289,121.035289+to:14.550071,121.029408&dirflg=d","14.616467,121.052300","14.606256,121.057054 | 14.596305,121.059377 | 14.555289,121.035289","14.550071,121.029408",
Joshua,apple_own_route,Mon 17:30,2026-05-25T17:30:00,apple_eta_seconds,M06/leg1,"https://maps.apple.com/?saddr=14.622476,121.053329&daddr=14.616467,121.052300&dirflg=d","14.622476,121.053329",,"14.616467,121.052300",
Joshua,apple_own_route,Mon 17:30,2026-05-25T17:30:00,apple_eta_seconds,M06/leg2,"https://maps.apple.com/?saddr=14.616467,121.052300&daddr=14.550071,121.029408&dirflg=d","14.616467,121.052300",,"14.550071,121.029408",
Joshua,baseline_path,Mon 17:30,2026-05-25T17:30:00,baseline_apple_eta_seconds,M06/leg1,"https://maps.apple.com/?saddr=14.622476,121.053329&daddr=14.621684,121.053724+to:14.619788,121.054751+to:14.620244,121.055681+to:14.618527,121.056503+to:14.617588,121.055131+to:14.616464,121.053576+to:14.616467,121.052300&dirflg=d","14.622476,121.053329","14.621684,121.053724 | 14.619788,121.054751 | 14.620244,121.055681 | 14.618527,121.056503 | 14.617588,121.055131 | 14.616464,121.053576","14.616467,121.052300",
Joshua,antroute_path,Mon 17:55,2026-05-25T17:55:00,antroute_apple_eta_seconds,A09/leg1,"https://maps.apple.com/?saddr=14.616467,121.052300&daddr=14.609081,121.055744+to:14.606256,121.057054+to:14.597583,121.059574+to:14.592463,121.058015+to:14.584518,121.055476+to:14.580332,121.054526+to:14.580878,121.053531&dirflg=d","14.616467,121.052300","14.609081,121.055744 | 14.606256,121.057054 | 14.597583,121.059574 | 14.592463,121.058015 | 14.584518,121.055476 | 14.580332,121.054526","14.580878,121.053531",
Joshua,antroute_path,Mon 17:55,2026-05-25T17:55:00,antroute_apple_eta_seconds AND baseline_apple_eta_seconds (same path),M08/leg1,"https://maps.apple.com/?saddr=14.616467,121.052300&daddr=14.606256,121.057054+to:14.596305,121.059377+to:14.555289,121.035289+to:14.550071,121.029408&dirflg=d","14.616467,121.052300","14.606256,121.057054 | 14.596305,121.059377 | 14.555289,121.035289","14.550071,121.029408",
Joshua,antroute_path,Mon 17:55,2026-05-25T17:55:00,antroute_apple_eta_seconds AND baseline_apple_eta_seconds (same path),M08/leg2,"https://maps.apple.com/?saddr=14.550071,121.029408&daddr=14.555219,121.035354+to:14.557497,121.038096+to:14.588780,121.057128+to:14.593441,121.058284&dirflg=d","14.550071,121.029408","14.555219,121.035354 | 14.557497,121.038096 | 14.588780,121.057128","14.593441,121.058284",
Joshua,antroute_path,Mon 17:55,2026-05-25T17:55:00,antroute_apple_eta_seconds,R09/leg1,"https://maps.apple.com/?saddr=14.616467,121.052300&daddr=14.609081,121.055744+to:14.606256,121.057054+to:14.597583,121.059574+to:14.591307,121.057621+to:14.584518,121.055476+to:14.580332,121.054526+to:14.580878,121.053531&dirflg=d","14.616467,121.052300","14.609081,121.055744 | 14.606256,121.057054 | 14.597583,121.059574 | 14.591307,121.057621 | 14.584518,121.055476 | 14.580332,121.054526","14.580878,121.053531",
Joshua,apple_own_route,Mon 17:55,2026-05-25T17:55:00,apple_eta_seconds,M08/leg1,"https://maps.apple.com/?saddr=14.616467,121.052300&daddr=14.550071,121.029408&dirflg=d","14.616467,121.052300",,"14.550071,121.029408",
Joshua,apple_own_route,Mon 17:55,2026-05-25T17:55:00,apple_eta_seconds,M08/leg2,"https://maps.apple.com/?saddr=14.550071,121.029408&daddr=14.593441,121.058284&dirflg=d","14.550071,121.029408",,"14.593441,121.058284",
Joshua,apple_own_route,Mon 17:55,2026-05-25T17:55:00,apple_eta_seconds,"R09/leg1, A09/leg1","https://maps.apple.com/?saddr=14.616467,121.052300&daddr=14.580878,121.053531&dirflg=d","14.616467,121.052300",,"14.580878,121.053531",
Joshua,baseline_path,Mon 17:55,2026-05-25T17:55:00,baseline_apple_eta_seconds,R09/leg1,"https://maps.apple.com/?saddr=14.616467,121.052300&daddr=14.609081,121.055744+to:14.601465,121.058574+to:14.596305,121.059377+to:14.584518,121.055476+to:14.580952,121.053847+to:14.578045,121.053995+to:14.580878,121.053531&dirflg=d","14.616467,121.052300","14.609081,121.055744 | 14.601465,121.058574 | 14.596305,121.059377 | 14.584518,121.055476 | 14.580952,121.053847 | 14.578045,121.053995","14.580878,121.053531",
Joshua,antroute_path,Mon 18:20,2026-05-25T18:20:00,antroute_apple_eta_seconds,E01/leg1,"https://maps.apple.com/?saddr=14.593441,121.058284&daddr=14.591307,121.057621+to:14.587549,121.056455+to:14.584518,121.055476+to:14.581600,121.053654+to:14.579646,121.055337+to:14.578879,121.053066+to:14.580878,121.053531&dirflg=d","14.593441,121.058284","14.591307,121.057621 | 14.587549,121.056455 | 14.584518,121.055476 | 14.581600,121.053654 | 14.579646,121.055337 | 14.578879,121.053066","14.580878,121.053531",
Joshua,antroute_path,Mon 18:20,2026-05-25T18:20:00,antroute_apple_eta_seconds,E02/leg1,"https://maps.apple.com/?saddr=14.644204,121.037738&daddr=14.635030,121.043337+to:14.625623,121.048108+to:14.614891,121.053080+to:14.606256,121.057054+to:14.593974,121.058567+to:14.584518,121.055476+to:14.580878,121.053531&dirflg=d","14.644204,121.037738","14.635030,121.043337 | 14.625623,121.048108 | 14.614891,121.053080 | 14.606256,121.057054 | 14.593974,121.058567 | 14.584518,121.055476","14.580878,121.053531",
Joshua,antroute_path,Mon 18:20,2026-05-25T18:20:00,antroute_apple_eta_seconds,M10/leg1,"https://maps.apple.com/?saddr=14.622476,121.053329&daddr=14.621684,121.053724+to:14.619834,121.054639+to:14.619746,121.054667+to:14.618143,121.055322+to:14.617121,121.054599+to:14.616464,121.053576+to:14.616467,121.052300&dirflg=d","14.622476,121.053329","14.621684,121.053724 | 14.619834,121.054639 | 14.619746,121.054667 | 14.618143,121.055322 | 14.617121,121.054599 | 14.616464,121.053576","14.616467,121.052300",
Joshua,antroute_path,Mon 18:20,2026-05-25T18:20:00,antroute_apple_eta_seconds,M10/leg2,"https://maps.apple.com/?saddr=14.616467,121.052300&daddr=14.620356,121.050850+to:14.624043,121.049075+to:14.628555,121.047031+to:14.635158,121.043557+to:14.637265,121.042173+to:14.641266,121.039583+to:14.644204,121.037738&dirflg=d","14.616467,121.052300","14.620356,121.050850 | 14.624043,121.049075 | 14.628555,121.047031 | 14.635158,121.043557 | 14.637265,121.042173 | 14.641266,121.039583","14.644204,121.037738",
Joshua,apple_own_route,Mon 18:20,2026-05-25T18:20:00,apple_eta_seconds,E01/leg1,"https://maps.apple.com/?saddr=14.593441,121.058284&daddr=14.580878,121.053531&dirflg=d","14.593441,121.058284",,"14.580878,121.053531",
Joshua,apple_own_route,Mon 18:20,2026-05-25T18:20:00,apple_eta_seconds,E02/leg1,"https://maps.apple.com/?saddr=14.644204,121.037738&daddr=14.580878,121.053531&dirflg=d","14.644204,121.037738",,"14.580878,121.053531",
Joshua,apple_own_route,Mon 18:20,2026-05-25T18:20:00,apple_eta_seconds,M10/leg1,"https://maps.apple.com/?saddr=14.622476,121.053329&daddr=14.616467,121.052300&dirflg=d","14.622476,121.053329",,"14.616467,121.052300",
Joshua,apple_own_route,Mon 18:20,2026-05-25T18:20:00,apple_eta_seconds,M10/leg2,"https://maps.apple.com/?saddr=14.616467,121.052300&daddr=14.644204,121.037738&dirflg=d","14.616467,121.052300",,"14.644204,121.037738",
Joshua,baseline_path,Mon 18:20,2026-05-25T18:20:00,baseline_apple_eta_seconds,E01/leg1,"https://maps.apple.com/?saddr=14.593441,121.058284&daddr=14.589082,121.056997+to:14.584518,121.055476+to:14.581600,121.053654+to:14.578867,121.056332+to:14.575139,121.054650+to:14.577642,121.051180+to:14.580878,121.053531&dirflg=d","14.593441,121.058284","14.589082,121.056997 | 14.584518,121.055476 | 14.581600,121.053654 | 14.578867,121.056332 | 14.575139,121.054650 | 14.577642,121.051180","14.580878,121.053531",
Joshua,baseline_path,Mon 18:20,2026-05-25T18:20:00,baseline_apple_eta_seconds,E02/leg1,"https://maps.apple.com/?saddr=14.644204,121.037738&daddr=14.634058,121.042591+to:14.623458,121.049075+to:14.609081,121.055744+to:14.599698,121.058495+to:14.589082,121.056997+to:14.578867,121.056332+to:14.580878,121.053531&dirflg=d","14.644204,121.037738","14.634058,121.042591 | 14.623458,121.049075 | 14.609081,121.055744 | 14.599698,121.058495 | 14.589082,121.056997 | 14.578867,121.056332","14.580878,121.053531",
Joshua,baseline_path,Mon 18:20,2026-05-25T18:20:00,baseline_apple_eta_seconds,M10/leg1,"https://maps.apple.com/?saddr=14.622476,121.053329&daddr=14.621684,121.053724+to:14.619788,121.054751+to:14.620244,121.055681+to:14.618527,121.056503+to:14.617588,121.055131+to:14.616464,121.053576+to:14.616467,121.052300&dirflg=d","14.622476,121.053329","14.621684,121.053724 | 14.619788,121.054751 | 14.620244,121.055681 | 14.618527,121.056503 | 14.617588,121.055131 | 14.616464,121.053576","14.616467,121.052300",
Joshua,baseline_path,Mon 18:20,2026-05-25T18:20:00,baseline_apple_eta_seconds,M10/leg2,"https://maps.apple.com/?saddr=14.616467,121.052300&daddr=14.614792,121.056396+to:14.614988,121.053299+to:14.624043,121.049075+to:14.628555,121.047031+to:14.633903,121.044396+to:14.638400,121.041434+to:14.644204,121.037738&dirflg=d","14.616467,121.052300","14.614792,121.056396 | 14.614988,121.053299 | 14.624043,121.049075 | 14.628555,121.047031 | 14.633903,121.044396 | 14.638400,121.041434","14.644204,121.037738",
Kyla,antroute_path,Mon 07:05,2026-05-25T07:05:00,antroute_apple_eta_seconds,A02/leg1,"https://maps.apple.com/?saddr=14.644204,121.037738&daddr=14.641586,121.039089+to:14.637117,121.041984+to:14.635030,121.043337+to:14.628785,121.046652+to:14.625623,121.048108+to:14.621748,121.049865+to:14.622476,121.053329&dirflg=d","14.644204,121.037738","14.641586,121.039089 | 14.637117,121.041984 | 14.635030,121.043337 | 14.628785,121.046652 | 14.625623,121.048108 | 14.621748,121.049865","14.622476,121.053329",
Kyla,antroute_path,Mon 07:05,2026-05-25T07:05:00,antroute_apple_eta_seconds,M02/leg1,"https://maps.apple.com/?saddr=14.622476,121.053329&daddr=14.618143,121.055322+to:14.616126,121.052454+to:14.609081,121.055744+to:14.606256,121.057054+to:14.601666,121.059111+to:14.597583,121.059574+to:14.593441,121.058284&dirflg=d","14.622476,121.053329","14.618143,121.055322 | 14.616126,121.052454 | 14.609081,121.055744 | 14.606256,121.057054 | 14.601666,121.059111 | 14.597583,121.059574","14.593441,121.058284",
Kyla,antroute_path,Mon 07:05,2026-05-25T07:05:00,antroute_apple_eta_seconds,M02/leg2,"https://maps.apple.com/?saddr=14.593441,121.058284&daddr=14.591307,121.057621+to:14.587549,121.056455+to:14.584518,121.055476+to:14.581600,121.053654+to:14.579646,121.055337+to:14.578879,121.053066+to:14.580878,121.053531&dirflg=d","14.593441,121.058284","14.591307,121.057621 | 14.587549,121.056455 | 14.584518,121.055476 | 14.581600,121.053654 | 14.579646,121.055337 | 14.578879,121.053066","14.580878,121.053531",
Kyla,antroute_path,Mon 07:05,2026-05-25T07:05:00,antroute_apple_eta_seconds,R02/leg1,"https://maps.apple.com/?saddr=14.644204,121.037738&daddr=14.641586,121.039089+to:14.637117,121.041984+to:14.635030,121.043337+to:14.628785,121.046652+to:14.625623,121.048108+to:14.621748,121.049865+to:14.622476,121.053329&dirflg=d","14.644204,121.037738","14.641586,121.039089 | 14.637117,121.041984 | 14.635030,121.043337 | 14.628785,121.046652 | 14.625623,121.048108 | 14.621748,121.049865","14.622476,121.053329",
Kyla,apple_own_route,Mon 07:05,2026-05-25T07:05:00,apple_eta_seconds,M02/leg1,"https://maps.apple.com/?saddr=14.622476,121.053329&daddr=14.593441,121.058284&dirflg=d","14.622476,121.053329",,"14.593441,121.058284",
Kyla,apple_own_route,Mon 07:05,2026-05-25T07:05:00,apple_eta_seconds,M02/leg2,"https://maps.apple.com/?saddr=14.593441,121.058284&daddr=14.580878,121.053531&dirflg=d","14.593441,121.058284",,"14.580878,121.053531",
Kyla,apple_own_route,Mon 07:05,2026-05-25T07:05:00,apple_eta_seconds,"R02/leg1, A02/leg1","https://maps.apple.com/?saddr=14.644204,121.037738&daddr=14.622476,121.053329&dirflg=d","14.644204,121.037738",,"14.622476,121.053329",
Kyla,baseline_path,Mon 07:05,2026-05-25T07:05:00,baseline_apple_eta_seconds,M02/leg1,"https://maps.apple.com/?saddr=14.622476,121.053329&daddr=14.620244,121.055681+to:14.614523,121.055797+to:14.614988,121.053299+to:14.614048,121.053468+to:14.606256,121.057054+to:14.601666,121.059111+to:14.593441,121.058284&dirflg=d","14.622476,121.053329","14.620244,121.055681 | 14.614523,121.055797 | 14.614988,121.053299 | 14.614048,121.053468 | 14.606256,121.057054 | 14.601666,121.059111","14.593441,121.058284",
Kyla,baseline_path,Mon 07:05,2026-05-25T07:05:00,baseline_apple_eta_seconds,M02/leg2,"https://maps.apple.com/?saddr=14.593441,121.058284&daddr=14.589082,121.056997+to:14.584518,121.055476+to:14.581470,121.053564+to:14.578136,121.053984+to:14.575139,121.054650+to:14.577642,121.051180+to:14.580878,121.053531&dirflg=d","14.593441,121.058284","14.589082,121.056997 | 14.584518,121.055476 | 14.581470,121.053564 | 14.578136,121.053984 | 14.575139,121.054650 | 14.577642,121.051180","14.580878,121.053531",
Kyla,baseline_path,Mon 07:05,2026-05-25T07:05:00,baseline_apple_eta_seconds,R02/leg1,"https://maps.apple.com/?saddr=14.644204,121.037738&daddr=14.641586,121.039089+to:14.637117,121.041984+to:14.633409,121.044318+to:14.631186,121.047345+to:14.630077,121.050361+to:14.625348,121.052901+to:14.622476,121.053329&dirflg=d","14.644204,121.037738","14.641586,121.039089 | 14.637117,121.041984 | 14.633409,121.044318 | 14.631186,121.047345 | 14.630077,121.050361 | 14.625348,121.052901","14.622476,121.053329",
Kyla,antroute_path,Mon 07:30,2026-05-25T07:30:00,antroute_apple_eta_seconds,A04/leg1,"https://maps.apple.com/?saddr=14.644204,121.037738&daddr=14.635030,121.043337+to:14.625623,121.048108+to:14.614891,121.053080+to:14.606256,121.057054+to:14.596305,121.059377+to:14.584518,121.055476+to:14.580878,121.053531&dirflg=d","14.644204,121.037738","14.635030,121.043337 | 14.625623,121.048108 | 14.614891,121.053080 | 14.606256,121.057054 | 14.596305,121.059377 | 14.584518,121.055476","14.580878,121.053531",
Kyla,antroute_path,Mon 07:30,2026-05-25T07:30:00,antroute_apple_eta_seconds,R04/leg1,"https://maps.apple.com/?saddr=14.644204,121.037738&daddr=14.635030,121.043337+to:14.625623,121.048108+to:14.614891,121.053080+to:14.606256,121.057054+to:14.596305,121.059377+to:14.584518,121.055476+to:14.580878,121.053531&dirflg=d","14.644204,121.037738","14.635030,121.043337 | 14.625623,121.048108 | 14.614891,121.053080 | 14.606256,121.057054 | 14.596305,121.059377 | 14.584518,121.055476","14.580878,121.053531",
Kyla,apple_own_route,Mon 07:30,2026-05-25T07:30:00,apple_eta_seconds,"R04/leg1, A04/leg1","https://maps.apple.com/?saddr=14.644204,121.037738&daddr=14.580878,121.053531&dirflg=d","14.644204,121.037738",,"14.580878,121.053531",
Kyla,baseline_path,Mon 07:30,2026-05-25T07:30:00,baseline_apple_eta_seconds,R04/leg1,"https://maps.apple.com/?saddr=14.644204,121.037738&daddr=14.635030,121.043337+to:14.614891,121.053080+to:14.605351,121.056242+to:14.589082,121.056997+to:14.584244,121.055635+to:14.579646,121.055337+to:14.580878,121.053531&dirflg=d","14.644204,121.037738","14.635030,121.043337 | 14.614891,121.053080 | 14.605351,121.056242 | 14.589082,121.056997 | 14.584244,121.055635 | 14.579646,121.055337","14.580878,121.053531",
Kyla,antroute_path,Mon 17:10,2026-05-25T17:10:00,antroute_apple_eta_seconds,M05/leg1,"https://maps.apple.com/?saddr=14.630706,121.045708&daddr=14.628785,121.046652+to:14.627324,121.047330+to:14.625623,121.048108+to:14.623458,121.049075+to:14.621574,121.049958+to:14.622197,121.051699+to:14.622476,121.053329&dirflg=d","14.630706,121.045708","14.628785,121.046652 | 14.627324,121.047330 | 14.625623,121.048108 | 14.623458,121.049075 | 14.621574,121.049958 | 14.622197,121.051699","14.622476,121.053329",
Kyla,antroute_path,Mon 17:10,2026-05-25T17:10:00,antroute_apple_eta_seconds,M05/leg2,"https://maps.apple.com/?saddr=14.622476,121.053329&daddr=14.618143,121.055322+to:14.616126,121.052454+to:14.609081,121.055744+to:14.606256,121.057054+to:14.601666,121.059111+to:14.597583,121.059574+to:14.593441,121.058284&dirflg=d","14.622476,121.053329","14.618143,121.055322 | 14.616126,121.052454 | 14.609081,121.055744 | 14.606256,121.057054 | 14.601666,121.059111 | 14.597583,121.059574","14.593441,121.058284",
Kyla,apple_own_route,Mon 17:10,2026-05-25T17:10:00,apple_eta_seconds,M05/leg1,"https://maps.apple.com/?saddr=14.630706,121.045708&daddr=14.622476,121.053329&dirflg=d","14.630706,121.045708",,"14.622476,121.053329",
Kyla,apple_own_route,Mon 17:10,2026-05-25T17:10:00,apple_eta_seconds,M05/leg2,"https://maps.apple.com/?saddr=14.622476,121.053329&daddr=14.593441,121.058284&dirflg=d","14.622476,121.053329",,"14.593441,121.058284",
Kyla,baseline_path,Mon 17:10,2026-05-25T17:10:00,baseline_apple_eta_seconds,M05/leg1,"https://maps.apple.com/?saddr=14.630706,121.045708&daddr=14.630670,121.047515+to:14.628872,121.048051+to:14.630077,121.050361+to:14.629158,121.051043+to:14.625348,121.052901+to:14.625076,121.052313+to:14.622476,121.053329&dirflg=d","14.630706,121.045708","14.630670,121.047515 | 14.628872,121.048051 | 14.630077,121.050361 | 14.629158,121.051043 | 14.625348,121.052901 | 14.625076,121.052313","14.622476,121.053329",
Kyla,baseline_path,Mon 17:10,2026-05-25T17:10:00,baseline_apple_eta_seconds,M05/leg2,"https://maps.apple.com/?saddr=14.622476,121.053329&daddr=14.618527,121.056503+to:14.614269,121.055213+to:14.616126,121.052454+to:14.609081,121.055744+to:14.606256,121.057054+to:14.597583,121.059574+to:14.593441,121.058284&dirflg=d","14.622476,121.053329","14.618527,121.056503 | 14.614269,121.055213 | 14.616126,121.052454 | 14.609081,121.055744 | 14.606256,121.057054 | 14.597583,121.059574","14.593441,121.058284",
Kyla,antroute_path,Mon 18:25,2026-05-25T18:25:00,antroute_apple_eta_seconds,E03/leg1,"https://maps.apple.com/?saddr=14.630706,121.045708&daddr=14.623458,121.049075+to:14.614481,121.053270+to:14.606256,121.057054+to:14.597583,121.059574+to:14.589082,121.056997+to:14.581600,121.053654+to:14.580878,121.053531&dirflg=d","14.630706,121.045708","14.623458,121.049075 | 14.614481,121.053270 | 14.606256,121.057054 | 14.597583,121.059574 | 14.589082,121.056997 | 14.581600,121.053654","14.580878,121.053531",
Kyla,antroute_path,Mon 18:25,2026-05-25T18:25:00,antroute_apple_eta_seconds,E04/leg1,"https://maps.apple.com/?saddr=14.622476,121.053329&daddr=14.618143,121.055322+to:14.616126,121.052454+to:14.609081,121.055744+to:14.606256,121.057054+to:14.601666,121.059111+to:14.597583,121.059574+to:14.593441,121.058284&dirflg=d","14.622476,121.053329","14.618143,121.055322 | 14.616126,121.052454 | 14.609081,121.055744 | 14.606256,121.057054 | 14.601666,121.059111 | 14.597583,121.059574","14.593441,121.058284",
Kyla,antroute_path,Mon 18:25,2026-05-25T18:25:00,antroute_apple_eta_seconds AND baseline_apple_eta_seconds (same path),E05/leg1,"https://maps.apple.com/?saddr=14.616467,121.052300&daddr=14.614048,121.053468+to:14.609081,121.055744+to:14.606256,121.057054+to:14.601666,121.059111+to:14.597111,121.059515+to:14.593441,121.058284&dirflg=d","14.616467,121.052300","14.614048,121.053468 | 14.609081,121.055744 | 14.606256,121.057054 | 14.601666,121.059111 | 14.597111,121.059515","14.593441,121.058284",
Kyla,apple_own_route,Mon 18:25,2026-05-25T18:25:00,apple_eta_seconds,E03/leg1,"https://maps.apple.com/?saddr=14.630706,121.045708&daddr=14.580878,121.053531&dirflg=d","14.630706,121.045708",,"14.580878,121.053531",
Kyla,apple_own_route,Mon 18:25,2026-05-25T18:25:00,apple_eta_seconds,E04/leg1,"https://maps.apple.com/?saddr=14.622476,121.053329&daddr=14.593441,121.058284&dirflg=d","14.622476,121.053329",,"14.593441,121.058284",
Kyla,apple_own_route,Mon 18:25,2026-05-25T18:25:00,apple_eta_seconds,E05/leg1,"https://maps.apple.com/?saddr=14.616467,121.052300&daddr=14.593441,121.058284&dirflg=d","14.616467,121.052300",,"14.593441,121.058284",
Kyla,baseline_path,Mon 18:25,2026-05-25T18:25:00,baseline_apple_eta_seconds,E03/leg1,"https://maps.apple.com/?saddr=14.630706,121.045708&daddr=14.624177,121.048791+to:14.609081,121.055744+to:14.599698,121.058495+to:14.589082,121.056997+to:14.584244,121.055635+to:14.578102,121.057139+to:14.580878,121.053531&dirflg=d","14.630706,121.045708","14.624177,121.048791 | 14.609081,121.055744 | 14.599698,121.058495 | 14.589082,121.056997 | 14.584244,121.055635 | 14.578102,121.057139","14.580878,121.053531",
Kyla,baseline_path,Mon 18:25,2026-05-25T18:25:00,baseline_apple_eta_seconds,E04/leg1,"https://maps.apple.com/?saddr=14.622476,121.053329&daddr=14.620244,121.055681+to:14.616439,121.052802+to:14.614048,121.053468+to:14.609081,121.055744+to:14.601666,121.059111+to:14.597583,121.059574+to:14.593441,121.058284&dirflg=d","14.622476,121.053329","14.620244,121.055681 | 14.616439,121.052802 | 14.614048,121.053468 | 14.609081,121.055744 | 14.601666,121.059111 | 14.597583,121.059574","14.593441,121.058284",
Merille,antroute_path,Mon 07:00,2026-05-25T07:00:00,antroute_apple_eta_seconds,A01/leg1,"https://maps.apple.com/?saddr=14.644204,121.037738&daddr=14.635030,121.043337+to:14.625623,121.048108+to:14.614891,121.053080+to:14.606256,121.057054+to:14.596305,121.059377+to:14.584518,121.055476+to:14.580878,121.053531&dirflg=d","14.644204,121.037738","14.635030,121.043337 | 14.625623,121.048108 | 14.614891,121.053080 | 14.606256,121.057054 | 14.596305,121.059377 | 14.584518,121.055476","14.580878,121.053531",
Merille,antroute_path,Mon 07:00,2026-05-25T07:00:00,antroute_apple_eta_seconds AND baseline_apple_eta_seconds (same path),M01/leg1,"https://maps.apple.com/?saddr=14.630706,121.045708&daddr=14.632767,121.045127+to:14.633903,121.044396+to:14.637265,121.042173+to:14.638400,121.041434+to:14.641266,121.039583+to:14.644204,121.037738&dirflg=d","14.630706,121.045708","14.632767,121.045127 | 14.633903,121.044396 | 14.637265,121.042173 | 14.638400,121.041434 | 14.641266,121.039583","14.644204,121.037738",
Merille,antroute_path,Mon 07:00,2026-05-25T07:00:00,antroute_apple_eta_seconds,M01/leg2,"https://maps.apple.com/?saddr=14.644204,121.037738&daddr=14.637117,121.041984+to:14.628785,121.046652+to:14.624177,121.048791+to:14.614891,121.053080+to:14.609081,121.055744+to:14.601666,121.059111+to:14.593441,121.058284&dirflg=d","14.644204,121.037738","14.637117,121.041984 | 14.628785,121.046652 | 14.624177,121.048791 | 14.614891,121.053080 | 14.609081,121.055744 | 14.601666,121.059111","14.593441,121.058284",
Merille,antroute_path,Mon 07:00,2026-05-25T07:00:00,antroute_apple_eta_seconds,R01/leg1,"https://maps.apple.com/?saddr=14.644204,121.037738&daddr=14.635030,121.043337+to:14.625623,121.048108+to:14.614891,121.053080+to:14.606256,121.057054+to:14.596305,121.059377+to:14.584518,121.055476+to:14.580878,121.053531&dirflg=d","14.644204,121.037738","14.635030,121.043337 | 14.625623,121.048108 | 14.614891,121.053080 | 14.606256,121.057054 | 14.596305,121.059377 | 14.584518,121.055476","14.580878,121.053531",
Merille,apple_own_route,Mon 07:00,2026-05-25T07:00:00,apple_eta_seconds,M01/leg1,"https://maps.apple.com/?saddr=14.630706,121.045708&daddr=14.644204,121.037738&dirflg=d","14.630706,121.045708",,"14.644204,121.037738",
Merille,apple_own_route,Mon 07:00,2026-05-25T07:00:00,apple_eta_seconds,M01/leg2,"https://maps.apple.com/?saddr=14.644204,121.037738&daddr=14.593441,121.058284&dirflg=d","14.644204,121.037738",,"14.593441,121.058284",
Merille,apple_own_route,Mon 07:00,2026-05-25T07:00:00,apple_eta_seconds,"R01/leg1, A01/leg1","https://maps.apple.com/?saddr=14.644204,121.037738&daddr=14.580878,121.053531&dirflg=d","14.644204,121.037738",,"14.580878,121.053531",
Merille,baseline_path,Mon 07:00,2026-05-25T07:00:00,baseline_apple_eta_seconds,M01/leg2,"https://maps.apple.com/?saddr=14.644204,121.037738&daddr=14.637117,121.041984+to:14.628785,121.046652+to:14.624177,121.048791+to:14.614891,121.053080+to:14.609081,121.055744+to:14.601666,121.059111+to:14.593441,121.058284&dirflg=d","14.644204,121.037738","14.637117,121.041984 | 14.628785,121.046652 | 14.624177,121.048791 | 14.614891,121.053080 | 14.609081,121.055744 | 14.601666,121.059111","14.593441,121.058284",
Merille,baseline_path,Mon 07:00,2026-05-25T07:00:00,baseline_apple_eta_seconds,R01/leg1,"https://maps.apple.com/?saddr=14.644204,121.037738&daddr=14.633409,121.044318+to:14.621334,121.050066+to:14.609081,121.055744+to:14.596541,121.059442+to:14.584518,121.055476+to:14.580244,121.058812+to:14.580878,121.053531&dirflg=d","14.644204,121.037738","14.633409,121.044318 | 14.621334,121.050066 | 14.609081,121.055744 | 14.596541,121.059442 | 14.584518,121.055476 | 14.580244,121.058812","14.580878,121.053531",
Merille,antroute_path,Mon 07:10,2026-05-25T07:10:00,antroute_apple_eta_seconds AND baseline_apple_eta_seconds (same path),R03/leg1,"https://maps.apple.com/?saddr=14.616467,121.052300&daddr=14.606256,121.057054+to:14.596305,121.059377+to:14.555289,121.035289+to:14.550071,121.029408&dirflg=d","14.616467,121.052300","14.606256,121.057054 | 14.596305,121.059377 | 14.555289,121.035289","14.550071,121.029408",
Merille,apple_own_route,Mon 07:10,2026-05-25T07:10:00,apple_eta_seconds,"R03/leg1, A03/leg1","https://maps.apple.com/?saddr=14.616467,121.052300&daddr=14.550071,121.029408&dirflg=d","14.616467,121.052300",,"14.550071,121.029408",
Merille,antroute_path,Mon 07:50,2026-05-25T07:50:00,antroute_apple_eta_seconds,A05/leg1,"https://maps.apple.com/?saddr=14.630706,121.045708&daddr=14.617976,121.051603+to:14.606256,121.057054+to:14.596305,121.059377+to:14.555289,121.035289+to:14.550071,121.029408&dirflg=d","14.630706,121.045708","14.617976,121.051603 | 14.606256,121.057054 | 14.596305,121.059377 | 14.555289,121.035289","14.550071,121.029408",
Merille,antroute_path,Mon 07:50,2026-05-25T07:50:00,antroute_apple_eta_seconds,M03/leg1,"https://maps.apple.com/?saddr=14.644204,121.037738&daddr=14.643049,121.038071+to:14.641586,121.039089+to:14.639614,121.040364+to:14.637117,121.041984+to:14.634627,121.043515+to:14.633008,121.044594+to:14.630706,121.045708&dirflg=d","14.644204,121.037738","14.643049,121.038071 | 14.641586,121.039089 | 14.639614,121.040364 | 14.637117,121.041984 | 14.634627,121.043515 | 14.633008,121.044594","14.630706,121.045708",
Merille,antroute_path,Mon 07:50,2026-05-25T07:50:00,antroute_apple_eta_seconds AND baseline_apple_eta_seconds (same path),M03/leg2,"https://maps.apple.com/?saddr=14.630706,121.045708&daddr=14.625623,121.048108+to:14.624177,121.048791+to:14.614891,121.053080+to:14.609081,121.055744+to:14.606256,121.057054+to:14.597583,121.059574+to:14.593441,121.058284&dirflg=d","14.630706,121.045708","14.625623,121.048108 | 14.624177,121.048791 | 14.614891,121.053080 | 14.609081,121.055744 | 14.606256,121.057054 | 14.597583,121.059574","14.593441,121.058284",
Merille,antroute_path,Mon 07:50,2026-05-25T07:50:00,antroute_apple_eta_seconds,R05/leg1,"https://maps.apple.com/?saddr=14.630706,121.045708&daddr=14.614891,121.053080+to:14.606256,121.057054+to:14.596305,121.059377+to:14.555289,121.035289+to:14.550071,121.029408&dirflg=d","14.630706,121.045708","14.614891,121.053080 | 14.606256,121.057054 | 14.596305,121.059377 | 14.555289,121.035289","14.550071,121.029408",
Merille,apple_own_route,Mon 07:50,2026-05-25T07:50:00,apple_eta_seconds,M03/leg1,"https://maps.apple.com/?saddr=14.644204,121.037738&daddr=14.630706,121.045708&dirflg=d","14.644204,121.037738",,"14.630706,121.045708",
Merille,apple_own_route,Mon 07:50,2026-05-25T07:50:00,apple_eta_seconds,M03/leg2,"https://maps.apple.com/?saddr=14.630706,121.045708&daddr=14.593441,121.058284&dirflg=d","14.630706,121.045708",,"14.593441,121.058284",
Merille,apple_own_route,Mon 07:50,2026-05-25T07:50:00,apple_eta_seconds,"R05/leg1, A05/leg1","https://maps.apple.com/?saddr=14.630706,121.045708&daddr=14.550071,121.029408&dirflg=d","14.630706,121.045708",,"14.550071,121.029408",
Merille,baseline_path,Mon 07:50,2026-05-25T07:50:00,baseline_apple_eta_seconds,M03/leg1,"https://maps.apple.com/?saddr=14.644204,121.037738&daddr=14.642133,121.038663+to:14.639614,121.040364+to:14.637117,121.041984+to:14.636538,121.040973+to:14.634058,121.042591+to:14.632903,121.044137+to:14.630706,121.045708&dirflg=d","14.644204,121.037738","14.642133,121.038663 | 14.639614,121.040364 | 14.637117,121.041984 | 14.636538,121.040973 | 14.634058,121.042591 | 14.632903,121.044137","14.630706,121.045708",
Merille,baseline_path,Mon 07:50,2026-05-25T07:50:00,baseline_apple_eta_seconds,R05/leg1,"https://maps.apple.com/?saddr=14.630706,121.045708&daddr=14.614891,121.053080+to:14.605795,121.056049+to:14.596305,121.059377+to:14.555289,121.035289+to:14.550071,121.029408&dirflg=d","14.630706,121.045708","14.614891,121.053080 | 14.605795,121.056049 | 14.596305,121.059377 | 14.555289,121.035289","14.550071,121.029408",
Merille,antroute_path,Mon 07:55,2026-05-25T07:55:00,antroute_apple_eta_seconds,A06/leg1,"https://maps.apple.com/?saddr=14.644204,121.037738&daddr=14.635030,121.043337+to:14.625623,121.048108+to:14.614891,121.053080+to:14.606256,121.057054+to:14.596305,121.059377+to:14.584518,121.055476+to:14.580878,121.053531&dirflg=d","14.644204,121.037738","14.635030,121.043337 | 14.625623,121.048108 | 14.614891,121.053080 | 14.606256,121.057054 | 14.596305,121.059377 | 14.584518,121.055476","14.580878,121.053531",
Merille,antroute_path,Mon 07:55,2026-05-25T07:55:00,antroute_apple_eta_seconds,R06/leg1,"https://maps.apple.com/?saddr=14.644204,121.037738&daddr=14.635030,121.043337+to:14.625623,121.048108+to:14.614891,121.053080+to:14.606256,121.057054+to:14.596305,121.059377+to:14.584518,121.055476+to:14.580878,121.053531&dirflg=d","14.644204,121.037738","14.635030,121.043337 | 14.625623,121.048108 | 14.614891,121.053080 | 14.606256,121.057054 | 14.596305,121.059377 | 14.584518,121.055476","14.580878,121.053531",
Merille,apple_own_route,Mon 07:55,2026-05-25T07:55:00,apple_eta_seconds,"R06/leg1, A06/leg1","https://maps.apple.com/?saddr=14.644204,121.037738&daddr=14.580878,121.053531&dirflg=d","14.644204,121.037738",,"14.580878,121.053531",
Merille,baseline_path,Mon 07:55,2026-05-25T07:55:00,baseline_apple_eta_seconds,R06/leg1,"https://maps.apple.com/?saddr=14.644204,121.037738&daddr=14.632533,121.044875+to:14.614891,121.053080+to:14.605351,121.056242+to:14.593055,121.058153+to:14.584244,121.055635+to:14.579646,121.055337+to:14.580878,121.053531&dirflg=d","14.644204,121.037738","14.632533,121.044875 | 14.614891,121.053080 | 14.605351,121.056242 | 14.593055,121.058153 | 14.584244,121.055635 | 14.579646,121.055337","14.580878,121.053531",
Merille,antroute_path,Mon 08:10,2026-05-25T08:10:00,antroute_apple_eta_seconds,M04/leg1,"https://maps.apple.com/?saddr=14.616467,121.052300&daddr=14.609081,121.055744+to:14.606256,121.057054+to:14.597583,121.059574+to:14.589082,121.056997+to:14.584518,121.055476+to:14.580332,121.054526+to:14.580878,121.053531&dirflg=d","14.616467,121.052300","14.609081,121.055744 | 14.606256,121.057054 | 14.597583,121.059574 | 14.589082,121.056997 | 14.584518,121.055476 | 14.580332,121.054526","14.580878,121.053531",
Merille,antroute_path,Mon 08:10,2026-05-25T08:10:00,antroute_apple_eta_seconds AND baseline_apple_eta_seconds (same path),M04/leg2,"https://maps.apple.com/?saddr=14.580878,121.053531&daddr=14.581255,121.053803+to:14.584244,121.055635+to:14.587029,121.056564+to:14.588780,121.057128+to:14.589361,121.057395+to:14.592277,121.058351+to:14.593441,121.058284&dirflg=d","14.580878,121.053531","14.581255,121.053803 | 14.584244,121.055635 | 14.587029,121.056564 | 14.588780,121.057128 | 14.589361,121.057395 | 14.592277,121.058351","14.593441,121.058284",
Merille,apple_own_route,Mon 08:10,2026-05-25T08:10:00,apple_eta_seconds,M04/leg1,"https://maps.apple.com/?saddr=14.616467,121.052300&daddr=14.580878,121.053531&dirflg=d","14.616467,121.052300",,"14.580878,121.053531",
Merille,apple_own_route,Mon 08:10,2026-05-25T08:10:00,apple_eta_seconds,M04/leg2,"https://maps.apple.com/?saddr=14.580878,121.053531&daddr=14.593441,121.058284&dirflg=d","14.580878,121.053531",,"14.593441,121.058284",
Merille,baseline_path,Mon 08:10,2026-05-25T08:10:00,baseline_apple_eta_seconds,M04/leg1,"https://maps.apple.com/?saddr=14.616467,121.052300&daddr=14.606256,121.057054+to:14.597583,121.059574+to:14.587549,121.056455+to:14.584244,121.055635+to:14.578243,121.057225+to:14.576469,121.055809+to:14.580878,121.053531&dirflg=d","14.616467,121.052300","14.606256,121.057054 | 14.597583,121.059574 | 14.587549,121.056455 | 14.584244,121.055635 | 14.578243,121.057225 | 14.576469,121.055809","14.580878,121.053531",
