trip_id,scenario_type,leg,window,apple_leave_at,origin,destination,origin_latlon,destination_latlon,same_route,apple_eta_seconds,baseline_algorithm,events_live,antroute_event_edges,baseline_event_edges,antroute_waypoints,antroute_apple_eta_seconds,baseline_waypoints,baseline_apple_eta_seconds,antroute_route,baseline_route
R01,recommended,1,2026-05-25T07:00:00,Mon 07:00,EDSA-Quezon Ave,EDSA-Shaw,"14.644204,121.037738","14.580878,121.053531",False,2400.0,iaco,0,0,0,"14.635030,121.043337 | 14.625623,121.048108 | 14.614891,121.053080 | 14.606256,121.057054 | 14.596305,121.059377 | 14.584518,121.055476",2580.0,"14.633409,121.044318 | 14.621334,121.050066 | 14.609081,121.055744 | 14.596541,121.059442 | 14.584518,121.055476 | 14.580244,121.058812",3360.0,286082780 286082839 9883466496 2467398191 298098895 5383119712 288458254 5282138764 286083465 1418830464 286083466 4879643696 246782846 6622286349 305099887 962951230 962951247 1075205320 12080025022 40826229 333526141 333524088 88787349 2467729098 5286171962 61679564 68901115 88771457 5285161657 5285161656 5288982109 5286257621 321553342 12067613 8459730704 186466037 7244807594 331134097 92300703 8462613403 334102352 1595999435 88904189 8383619604 334102245 6387606871 994339253 8462613410,286082780 286082839 6054242042 9883466502 9883466496 2467398191 298098895 5383119712 288458254 5282138764 286083465 1418830464 286083466 4879643696 246782846 6622286349 5292825911 5472105349 5427170390 817088410 24081884 462068195 24078839 1377334723 305099887 962951230 962951247 1075205320 12080025022 40826229 333526141 316156993 523963095 29523876 523958868 2370264845 12606354248 7418236940 8657082065 246783235 5731638965 973552665 973552605 333524088 88787349 2467729098 5286171962 61679564 68901115 88771457 5285161657 5285161656 5288982109 5286257621 321553342 12067613 8459730704 186466037 7244807594 331134097 92300703 7244807582 186466010 1909558882 321305921 95516147 332517749 5878383767 95513739 10861375319 88901093 266648653 332517750 1595999439 1595999435 88904189 8383619604 334102245 6387606871 994339253 8462613410
R02,recommended,1,2026-05-25T07:05:00,Mon 07:05,EDSA-Quezon Ave,EDSA-Aurora,"14.644204,121.037738","14.622476,121.053329",False,660.0,iaco,0,0,0,"14.641586,121.039089 | 14.637117,121.041984 | 14.635030,121.043337 | 14.628785,121.046652 | 14.625623,121.048108 | 14.621748,121.049865",900.0,"14.641586,121.039089 | 14.637117,121.041984 | 14.633409,121.044318 | 14.631186,121.047345 | 14.630077,121.050361 | 14.625348,121.052901",1200.0,286082780 286082839 9883466496 2467398191 298098895 5383119712 288458254 5282138764 286083465 1418830464 286083466 4879643696 246782846 6622286349 305099887 962951230 962951247 1075205320 12080025022 40826229 333526141 316156993 523963095 29523876 523958868 33471553 523959260 5575063133 5575063134 8708136038 8708136037 32519348,286082780 286082839 6054242042 9883466502 9883466496 2467398191 298098895 5383119712 288458254 5282138764 286083465 1418830464 286083466 4879643696 246782846 6622286349 5292825911 5472105349 5427170390 817088410 24081884 462068195 24078839 5472104745 243458617 32569986 26082606 32087876 32087821 32088037 5320266644 26082690 32088853 32089045 32089044 8437170694 203262694 8708136037 32519348
R03,recommended,1,2026-05-25T07:10:00,Mon 07:10,EDSA-Regalia (P. Tuazon),8337-Ayala NB 1-PTZ,"14.616467,121.052300","14.550071,121.029408",True,1740.0,iaco,0,0,0,"14.606256,121.057054 | 14.596305,121.059377 | 14.555289,121.035289",1860.0,"14.606256,121.057054 | 14.596305,121.059377 | 14.555289,121.035289",,973552665 973552605 333524088 88787349 2467729098 5286171962 61679564 68901115 88771457 5285161657 5285161656 5288982109 12029158386 313926476 313926605 3775184570 3775184569 3775184564 570700035,973552665 973552605 333524088 88787349 2467729098 5286171962 61679564 68901115 88771457 5285161657 5285161656 5288982109 12029158386 313926476 313926605 3775184570 3775184569 3775184564 570700035
R04,recommended,1,2026-05-25T07:30:00,Mon 07:30,EDSA-Quezon Ave,EDSA-Shaw,"14.644204,121.037738","14.580878,121.053531",False,2460.0,iaco,0,0,0,"14.635030,121.043337 | 14.625623,121.048108 | 14.614891,121.053080 | 14.606256,121.057054 | 14.596305,121.059377 | 14.584518,121.055476",2760.0,"14.635030,121.043337 | 14.614891,121.053080 | 14.605351,121.056242 | 14.589082,121.056997 | 14.584244,121.055635 | 14.579646,121.055337",3180.0,286082780 286082839 9883466496 2467398191 298098895 5383119712 288458254 5282138764 286083465 1418830464 286083466 4879643696 246782846 6622286349 305099887 962951230 962951247 1075205320 12080025022 40826229 333526141 333524088 88787349 2467729098 5286171962 61679564 68901115 88771457 5285161657 5285161656 5288982109 5286257621 321553342 12067613 8459730704 186466037 7244807594 331134097 92300703 8462613403 334102352 1595999435 88904189 8383619604 334102245 6387606871 994339253 8462613410,286082780 286082839 9883466496 2467398191 298098895 5383119712 288458254 5282138764 286083465 1418830464 286083466 4879643696 246782846 6622286349 305099887 962951230 962951247 1075205320 12080025022 40826229 333526141 333524088 88787349 2467729098 5286171962 61679564 96348868 12029288044 12029288041 2089476099 68902573 68901115 88771457 5285161657 5285161656 5288982109 5286257621 321553342 12067613 8459730704 186466037 7244807594 331134097 92300703 7244807582 186466010 1909558882 321305921 95516147 332517749 5878383767 95513739 10861375319 88901093 266648653 332517750 1595999439 1595999435 88904189 5831362407 334108288 92301121 11956578214 32476370 11958493326 8383619604 9859168247 5313629850 5313629849 962953432 88901373 994339253 8462613410
R05,recommended,1,2026-05-25T07:50:00,Mon 07:50,EDSA-Kamuning,8337-Ayala NB 1-PTZ,"14.630706,121.045708","14.550071,121.029408",False,2940.0,iaco,0,0,0,"14.614891,121.053080 | 14.606256,121.057054 | 14.596305,121.059377 | 14.555289,121.035289",3240.0,"14.614891,121.053080 | 14.605795,121.056049 | 14.596305,121.059377 | 14.555289,121.035289",3360.0,24078839 1377334723 305099887 962951230 962951247 1075205320 12080025022 40826229 333526141 333524088 88787349 2467729098 5286171962 61679564 68901115 88771457 5285161657 5285161656 5288982109 12029158386 313926476 313926605 3775184570 3775184569 3775184564 570700035,24078839 1377334723 305099887 962951230 962951247 1075205320 12080025022 40826229 333526141 333524088 88787349 2467729098 5286171962 61679564 96348868 12029288044 12029288041 2089476099 96350199 12029557279 12029557281 68902574 68902573 68901115 88771457 5285161657 5285161656 5288982109 12029158386 313926476 313926605 3775184570 3775184569 3775184564 570700035
R06,recommended,1,2026-05-25T07:55:00,Mon 07:55,EDSA-Quezon Ave,EDSA-Shaw,"14.644204,121.037738","14.580878,121.053531",False,2580.0,iaco,0,0,0,"14.635030,121.043337 | 14.625623,121.048108 | 14.614891,121.053080 | 14.606256,121.057054 | 14.596305,121.059377 | 14.584518,121.055476",2880.0,"14.632533,121.044875 | 14.614891,121.053080 | 14.605351,121.056242 | 14.593055,121.058153 | 14.584244,121.055635 | 14.579646,121.055337",3120.0,286082780 286082839 9883466496 2467398191 298098895 5383119712 288458254 5282138764 286083465 1418830464 286083466 4879643696 246782846 6622286349 305099887 962951230 962951247 1075205320 12080025022 40826229 333526141 333524088 88787349 2467729098 5286171962 61679564 68901115 88771457 5285161657 5285161656 5288982109 5286257621 321553342 12067613 8459730704 186466037 7244807594 331134097 92300703 8462613403 334102352 1595999435 88904189 8383619604 334102245 6387606871 994339253 8462613410,286082780 286082839 9883466496 2467398191 298098895 5383119712 288458254 5282138764 286083465 1418830464 286083466 4879643696 246782846 6622286349 5292825911 5472105349 5427170390 817088410 24081884 462068195 24078839 1377334723 305099887 962951230 962951247 1075205320 12080025022 40826229 333526141 333524088 88787349 2467729098 5286171962 61679564 96348868 12029288044 12029288041 2089476099 96350199 12029557279 12029557281 68902574 96352275 96349143 96349145 204897675 204896424 305118198 96349148 4242563042 4242563038 88772445 321554358 11668730945 5286257621 321553342 12067613 8459730704 186466037 7244807594 331134097 92300703 7244807582 186466010 1909558882 321305921 95516147 332517749 5878383767 95513739 10861375319 88901093 266648653 332517750 1595999439 1595999435 88904189 5831362407 334108288 92301121 11956578214 32476370 11958493326 8383619604 9859168247 5313629850 5313629849 962953432 88901373 994339253 8462613410
R07,recommended,1,2026-05-25T17:00:00,Mon 17:00,EDSA-Aurora,EDSA-Ortigas,"14.622476,121.053329","14.593441,121.058284",False,720.0,iaco,0,0,0,"14.618143,121.055322 | 14.616126,121.052454 | 14.609081,121.055744 | 14.606256,121.057054 | 14.601666,121.059111 | 14.597583,121.059574",840.0,"14.618527,121.056503 | 14.614269,121.055213 | 14.616126,121.052454 | 14.609081,121.055744 | 14.606256,121.057054 | 14.597583,121.059574",1080.0,32519348 3299171847 720703224 32519350 720695545 32519416 8594864824 8594864823 60093157 5286026336 11956219762 973552682 973552665 973552605 333524088 88787349 2467729098 5286171962 61679564 68901115 88771457 5285161657 4242563043 12029724347 21834288,32519348 3299171847 720703224 32519350 720695545 720698673 720698676 168244409 8594864819 8594864824 31241781 60093151 60093185 60093196 60093211 504009072 333524170 2886434136 12026915271 11956219762 973552682 973552665 973552605 333524088 88787349 2467729098 5286171962 61679564 68901115 88771457 5285161657 4242563043 12029724347 21834288
R08,recommended,1,2026-05-25T17:25:00,Mon 17:25,EDSA-Ortigas,8337-Ayala NB 1-PTZ,"14.593441,121.058284","14.550071,121.029408",False,1620.0,iaco,0,0,0,"14.601465,121.058574 | 14.596305,121.059377 | 14.555289,121.035289",2340.0,"14.597967,121.056761 | 14.596541,121.059442 | 14.596305,121.059377 | 14.555289,121.035289",2400.0,21834288 96349148 305118198 96349145 96349143 96352275 68902574 68902573 88771457 5285161657 5285161656 5288982109 12029158386 313926476 313926605 3775184570 3775184569 3775184564 570700035,21834288 96349148 305118198 204896424 96349491 298968847 204898038 96349703 96349701 204898045 96349490 204897677 204897675 96349145 96349143 96352275 68902574 68902573 88771457 5285161657 5285161656 5288982109 12029158386 313926476 313926605 225319003 6622952430 12018234340 12018234346 225266649 12015883636 354401889 6893723054 6580291430 8323827360 3775184564 570700035
R09,recommended,1,2026-05-25T17:55:00,Mon 17:55,EDSA-Regalia (P. Tuazon),EDSA-Shaw,"14.616467,121.052300","14.580878,121.053531",False,1560.0,iaco,0,0,0,"14.609081,121.055744 | 14.606256,121.057054 | 14.597583,121.059574 | 14.591307,121.057621 | 14.584518,121.055476 | 14.580332,121.054526",1680.0,"14.609081,121.055744 | 14.601465,121.058574 | 14.596305,121.059377 | 14.584518,121.055476 | 14.580952,121.053847 | 14.578045,121.053995",1800.0,973552665 973552605 333524088 88787349 2467729098 5286171962 61679564 68901115 88771457 5285161657 4242563043 12029724348 11969230005 11969230004 11969230003 11969230002 5286257643 5286257642 11668730945 5286257621 321553342 12067613 8459730704 186466037 7244807594 331134097 92300703 8462613403 334102352 1595999435 88904189 8383619604 334102245 6387606871 994339253 8462613410,973552665 973552605 333524088 88787349 2467729098 5286171962 61679564 68901115 68902573 88771457 5285161657 5285161656 5288982109 5286257621 321553342 12067613 8459730704 8459730699 1595999406 1595999441 7244807593 7244807595 7244807594 331134097 92300703 8462613403 334102352 1595999435 88904189 5831362407 334108288 92301121 11956578214 32476370 11958493326 8383619604 9859168247 5313629850 5313629849 962953432 88901373 994339253 8462613410
R10,recommended,1,2026-05-25T18:05:00,Mon 18:05,EDSA-Ortigas,EDSA-Shaw,"14.593441,121.058284","14.580878,121.053531",False,1200.0,iaco,0,0,0,"14.591307,121.057621 | 14.587549,121.056455 | 14.584518,121.055476 | 14.581600,121.053654 | 14.579646,121.055337 | 14.578879,121.053066",1320.0,"14.589082,121.056997 | 14.584518,121.055476 | 14.581470,121.053564 | 14.578136,121.053984 | 14.575139,121.054650 | 14.577642,121.051180",1260.0,21834288 88772467 321554358 11668730945 5286257621 321553342 12067613 8459730704 186466037 7244807594 331134097 92300703 8462613403 334102352 1595999435 88904189 8383619604 334102245 6387606871 994339253 8462613410,21834288 88772467 321554358 11668730945 5286257621 321553342 12067613 8459730704 186466037 7244807594 331134097 92300703 8462613403 334102352 1595999435 88904189 8383619604 9859168247 11958493326 32476370 88902919 5313629850 5313629849 962953432 88901373 994339253 8462613410
A01,alternative,1,2026-05-25T07:00:00,Mon 07:00,EDSA-Quezon Ave,EDSA-Shaw,"14.644204,121.037738","14.580878,121.053531",False,2400.0,not defined by Cheng (2023),0,0,0,"14.635030,121.043337 | 14.625623,121.048108 | 14.614891,121.053080 | 14.606256,121.057054 | 14.596305,121.059377 | 14.584518,121.055476",2580.0,NO ROUTE,,286082780 286082839 9883466496 2467398191 298098895 5383119712 288458254 5282138764 286083465 1418830464 286083466 4879643696 246782846 6622286349 305099887 962951230 962951247 1075205320 12080025022 40826229 333526141 316156993 523963095 29523876 523958868 2370264845 12606354248 7418236940 8657082065 246783235 5731638965 973552665 973552605 333524088 88787349 2467729098 5286171962 61679564 68901115 88771457 5285161657 5285161656 5288982109 5286257621 321553342 12067613 8459730704 186466037 7244807594 331134097 92300703 8462613403 334102352 1595999435 88904189 8383619604 334102245 6387606871 994339253 8462613410,
A02,alternative,1,2026-05-25T07:05:00,Mon 07:05,EDSA-Quezon Ave,EDSA-Aurora,"14.644204,121.037738","14.622476,121.053329",False,660.0,not defined by Cheng (2023),0,0,0,"14.641586,121.039089 | 14.637117,121.041984 | 14.635030,121.043337 | 14.628785,121.046652 | 14.625623,121.048108 | 14.621748,121.049865",900.0,NO ROUTE,,286082780 286082839 9883466496 2467398191 298098895 5383119712 288458254 5282138764 286083465 1418830464 286083466 4879643696 246782846 6622286349 305099887 962951230 962951247 1075205320 12080025022 40826229 333526141 316156993 523963095 29523876 523958868 33471553 523959260 5575063133 3908188110 32519354 32519348,
A03,alternative,1,2026-05-25T07:10:00,Mon 07:10,EDSA-Regalia (P. Tuazon),8337-Ayala NB 1-PTZ,"14.616467,121.052300","14.550071,121.029408",False,1740.0,not defined by Cheng (2023),0,0,0,NO ROUTE,,NO ROUTE,,,
A04,alternative,1,2026-05-25T07:30:00,Mon 07:30,EDSA-Quezon Ave,EDSA-Shaw,"14.644204,121.037738","14.580878,121.053531",False,2460.0,not defined by Cheng (2023),0,0,0,"14.635030,121.043337 | 14.625623,121.048108 | 14.614891,121.053080 | 14.606256,121.057054 | 14.596305,121.059377 | 14.584518,121.055476",2760.0,NO ROUTE,,286082780 286082839 9883466496 2467398191 298098895 5383119712 288458254 5282138764 286083465 1418830464 286083466 4879643696 246782846 6622286349 305099887 962951230 962951247 1075205320 12080025022 40826229 333526141 316156993 523963095 29523876 523958868 2370264845 12606354248 7418236940 8657082065 246783235 5731638965 973552665 973552605 333524088 88787349 2467729098 5286171962 61679564 68901115 88771457 5285161657 5285161656 5288982109 5286257621 321553342 12067613 8459730704 186466037 7244807594 331134097 92300703 8462613403 334102352 1595999435 88904189 8383619604 334102245 6387606871 994339253 8462613410,
A05,alternative,1,2026-05-25T07:50:00,Mon 07:50,EDSA-Kamuning,8337-Ayala NB 1-PTZ,"14.630706,121.045708","14.550071,121.029408",False,2940.0,not defined by Cheng (2023),0,0,0,"14.617976,121.051603 | 14.606256,121.057054 | 14.596305,121.059377 | 14.555289,121.035289",3240.0,NO ROUTE,,24078839 1377334723 305099887 962951230 962951247 1075205320 12080025022 40826229 333526141 316156993 523963095 29523876 523958868 2370264845 12606354248 7418236940 8657082065 246783235 5731638965 973552665 973552605 333524088 88787349 2467729098 5286171962 61679564 68901115 88771457 5285161657 5285161656 5288982109 12029158386 313926476 313926605 3775184570 3775184569 3775184564 570700035,
A06,alternative,1,2026-05-25T07:55:00,Mon 07:55,EDSA-Quezon Ave,EDSA-Shaw,"14.644204,121.037738","14.580878,121.053531",False,2580.0,not defined by Cheng (2023),0,0,0,"14.635030,121.043337 | 14.625623,121.048108 | 14.614891,121.053080 | 14.606256,121.057054 | 14.596305,121.059377 | 14.584518,121.055476",2880.0,NO ROUTE,,286082780 286082839 9883466496 2467398191 298098895 5383119712 288458254 5282138764 286083465 1418830464 286083466 4879643696 246782846 6622286349 305099887 962951230 962951247 1075205320 12080025022 40826229 333526141 316156993 523963095 29523876 523958868 2370264845 12606354248 7418236940 8657082065 246783235 5731638965 973552665 973552605 333524088 88787349 2467729098 5286171962 61679564 68901115 88771457 5285161657 5285161656 5288982109 5286257621 321553342 12067613 8459730704 186466037 7244807594 331134097 92300703 8462613403 334102352 1595999435 88904189 8383619604 334102245 6387606871 994339253 8462613410,
A07,alternative,1,2026-05-25T17:00:00,Mon 17:00,EDSA-Aurora,EDSA-Ortigas,"14.622476,121.053329","14.593441,121.058284",False,720.0,not defined by Cheng (2023),0,0,0,"14.618143,121.055322 | 14.616126,121.052454 | 14.609081,121.055744 | 14.606256,121.057054 | 14.601666,121.059111 | 14.597583,121.059574",840.0,NO ROUTE,,32519348 3299171847 720703224 32519350 720695545 32519416 8594864824 8594864823 60093157 5286026336 11956219762 973552682 973552665 973552605 333524088 88787349 2467729098 5286171962 61679564 68901115 88771457 5285161657 4242563043 12029724348 11969230005 11969230004 11969230001 21834288,
A08,alternative,1,2026-05-25T17:25:00,Mon 17:25,EDSA-Ortigas,8337-Ayala NB 1-PTZ,"14.593441,121.058284","14.550071,121.029408",False,1620.0,not defined by Cheng (2023),0,0,0,NO ROUTE,,NO ROUTE,,,
A09,alternative,1,2026-05-25T17:55:00,Mon 17:55,EDSA-Regalia (P. Tuazon),EDSA-Shaw,"14.616467,121.052300","14.580878,121.053531",False,1560.0,not defined by Cheng (2023),0,0,0,"14.609081,121.055744 | 14.606256,121.057054 | 14.597583,121.059574 | 14.592463,121.058015 | 14.584518,121.055476 | 14.580332,121.054526",1800.0,NO ROUTE,,973552665 973552605 333524088 88787349 2467729098 5286171962 61679564 68901115 88771457 5285161657 4242563043 12029724348 11969230005 11969230004 11969230001 11969230000 5286257642 11668730945 5286257621 321553342 12067613 8459730704 186466037 7244807594 331134097 92300703 8462613403 334102352 1595999435 88904189 8383619604 334102245 6387606871 994339253 8462613410,
A10,alternative,1,2026-05-25T18:05:00,Mon 18:05,EDSA-Ortigas,EDSA-Shaw,"14.593441,121.058284","14.580878,121.053531",False,1200.0,not defined by Cheng (2023),0,0,0,NO ROUTE,,NO ROUTE,,,
M01,multi_destination,1,2026-05-25T07:00:00,Mon 07:00,EDSA-Kamuning,EDSA-Quezon Ave,"14.630706,121.045708","14.644204,121.037738",True,540.0,iaco,0,0,0,"14.632767,121.045127 | 14.633903,121.044396 | 14.637265,121.042173 | 14.638400,121.041434 | 14.641266,121.039583",1200.0,"14.632767,121.045127 | 14.633903,121.044396 | 14.637265,121.042173 | 14.638400,121.041434 | 14.641266,121.039583",,24078839 5472104745 1497962778 24081972 243461145 12132580801 224865426 3666796561 5472105348 681146586 249226767 4879643711 7899078632 7965461283 9883466514 312264218 5383119711 286082780,24078839 5472104745 1497962778 24081972 243461145 12132580801 224865426 3666796561 5472105348 681146586 249226767 4879643711 7899078632 7965461283 9883466514 312264218 5383119711 286082780
M01,multi_destination,2,2026-05-25T07:00:00,Mon 07:00,EDSA-Quezon Ave,EDSA-Ortigas,"14.644204,121.037738","14.593441,121.058284",False,1800.0,iaco,0,0,0,"14.637117,121.041984 | 14.628785,121.046652 | 14.624177,121.048791 | 14.614891,121.053080 | 14.609081,121.055744 | 14.601666,121.059111",1200.0,"14.637117,121.041984 | 14.628785,121.046652 | 14.624177,121.048791 | 14.614891,121.053080 | 14.609081,121.055744 | 14.601666,121.059111",1920.0,286082780 286082839 9883466496 2467398191 298098895 5383119712 288458254 5282138764 286083465 1418830464 286083466 4879643696 246782846 6622286349 305099887 962951230 962951247 1075205320 12080025022 40826229 333526141 333524088 88787349 2467729098 5286171962 61679564 68901115 88771457 5285161657 4242563043 12029724347 21834288,286082780 286082839 6054242042 9883466502 6054242043 2467398191 298098895 5383119712 288458254 5282138764 286083465 1418830464 286083466 4879643696 246782846 6622286349 305099887 962951230 962951247 1075205320 12080025022 40826229 333526141 333524088 88787349 2467729098 5286171962 61679564 68901115 88771457 5285161657 4242563043 12029724347 21834288
M02,multi_destination,1,2026-05-25T07:05:00,Mon 07:05,EDSA-Aurora,EDSA-Ortigas,"14.622476,121.053329","14.593441,121.058284",False,1140.0,iaco,0,0,0,"14.618143,121.055322 | 14.616126,121.052454 | 14.609081,121.055744 | 14.606256,121.057054 | 14.601666,121.059111 | 14.597583,121.059574",1380.0,"14.620244,121.055681 | 14.614523,121.055797 | 14.614988,121.053299 | 14.614048,121.053468 | 14.606256,121.057054 | 14.601666,121.059111",1440.0,32519348 3299171847 720703224 32519350 720695545 32519416 8594864824 8594864823 60093157 5286026336 11956219762 973552682 973552665 973552605 333524088 88787349 2467729098 5286171962 61679564 68901115 88771457 5285161657 4242563043 12029724347 21834288,32519348 12026915269 589927748 7400320998 8595192520 168244406 7400320999 11990624822 9801988968 6132955457 7400321004 168244407 720698676 168244409 8594864819 8594864824 8594864823 31241781 60093151 60093185 60093196 60093423 60093212 60093318 345573456 504009072 333524170 2886434136 12026915271 11956219762 973552682 973552665 973552605 333524088 88787349 2467729098 5286171962 61679564 68901115 88771457 5285161657 4242563043 12029724347 21834288
M02,multi_destination,2,2026-05-25T07:05:00,Mon 07:05,EDSA-Ortigas,EDSA-Shaw,"14.593441,121.058284","14.580878,121.053531",False,660.0,iaco,0,0,0,"14.591307,121.057621 | 14.587549,121.056455 | 14.584518,121.055476 | 14.581600,121.053654 | 14.579646,121.055337 | 14.578879,121.053066",840.0,"14.589082,121.056997 | 14.584518,121.055476 | 14.581470,121.053564 | 14.578136,121.053984 | 14.575139,121.054650 | 14.577642,121.051180",960.0,21834288 88772467 321554358 11668730945 5286257621 321553342 12067613 8459730704 186466037 7244807594 331134097 92300703 8462613403 334102352 1595999435 88904189 8383619604 334102245 6387606871 994339253 8462613410,21834288 88772467 321554358 11668730945 5286257621 321553342 12067613 8459730704 186466037 7244807594 331134097 92300703 8462613403 334102352 1595999435 88904189 8383619604 9859168247 11958493326 32476370 88902919 5313629850 5313629849 962953432 88901373 994339253 8462613410
M03,multi_destination,1,2026-05-25T07:50:00,Mon 07:50,EDSA-Quezon Ave,EDSA-Kamuning,"14.644204,121.037738","14.630706,121.045708",False,300.0,iaco,0,0,0,"14.643049,121.038071 | 14.641586,121.039089 | 14.639614,121.040364 | 14.637117,121.041984 | 14.634627,121.043515 | 14.633008,121.044594",420.0,"14.642133,121.038663 | 14.639614,121.040364 | 14.637117,121.041984 | 14.636538,121.040973 | 14.634058,121.042591 | 14.632903,121.044137",540.0,286082780 286082839 9883466496 2467398191 298098895 5383119712 288458254 5282138764 286083465 1418830464 286083466 4879643696 246782846 6622286349 5292825911 5472105349 5427170390 817088410 24081884 462068195 24078839,286082780 286082839 9883466496 2467398191 298098895 5383119712 288458254 5282138764 286083465 1418830464 286083466 4879643696 246782846 246783371 224865556 13242766408 764036747 764036763 1054417187 462068195 24078839
M03,multi_destination,2,2026-05-25T07:50:00,Mon 07:50,EDSA-Kamuning,EDSA-Ortigas,"14.630706,121.045708","14.593441,121.058284",True,1680.0,iaco,0,0,0,"14.625623,121.048108 | 14.624177,121.048791 | 14.614891,121.053080 | 14.609081,121.055744 | 14.606256,121.057054 | 14.597583,121.059574",1920.0,"14.625623,121.048108 | 14.624177,121.048791 | 14.614891,121.053080 | 14.609081,121.055744 | 14.606256,121.057054 | 14.597583,121.059574",,24078839 1377334723 305099887 962951230 962951247 1075205320 12080025022 40826229 333526141 333524088 88787349 2467729098 5286171962 61679564 68901115 88771457 5285161657 4242563043 12029724347 21834288,24078839 1377334723 305099887 962951230 962951247 1075205320 12080025022 40826229 333526141 333524088 88787349 2467729098 5286171962 61679564 68901115 88771457 5285161657 4242563043 12029724347 21834288
M04,multi_destination,1,2026-05-25T08:10:00,Mon 08:10,EDSA-Regalia (P. Tuazon),EDSA-Shaw,"14.616467,121.052300","14.580878,121.053531",False,1500.0,iaco,0,0,0,"14.609081,121.055744 | 14.606256,121.057054 | 14.597583,121.059574 | 14.589082,121.056997 | 14.584518,121.055476 | 14.580332,121.054526",1680.0,"14.606256,121.057054 | 14.597583,121.059574 | 14.587549,121.056455 | 14.584244,121.055635 | 14.578243,121.057225 | 14.576469,121.055809",2040.0,973552665 973552605 333524088 88787349 2467729098 5286171962 61679564 68901115 88771457 5285161657 5285161656 5288982109 5286257621 321553342 12067613 8459730704 186466037 7244807594 331134097 92300703 8462613403 334102352 1595999435 88904189 8383619604 334102245 6387606871 994339253 8462613410,973552665 973552605 333524088 88787349 2467729098 5286171962 61679564 68901115 88771457 5285161657 5285161656 5288982109 5286257621 321553342 12067613 8459730704 186466037 7244807594 331134097 92300703 7244807582 186466010 1909558882 321305921 95516147 332517749 5878383767 95513739 10861375319 88901093 266648653 332517750 1595999439 1595999435 88904189 5831362407 334108288 92301121 11956578214 32476370 11958493326 8383619604 9859168247 5313629850 5313629849 962953432 88901373 994339253 8462613410
M04,multi_destination,2,2026-05-25T08:10:00,Mon 08:10,EDSA-Shaw,EDSA-Ortigas,"14.580878,121.053531","14.593441,121.058284",True,300.0,iaco,0,0,0,"14.581255,121.053803 | 14.584244,121.055635 | 14.587029,121.056564 | 14.588780,121.057128 | 14.589361,121.057395 | 14.592277,121.058351",480.0,"14.581255,121.053803 | 14.584244,121.055635 | 14.587029,121.056564 | 14.588780,121.057128 | 14.589361,121.057395 | 14.592277,121.058351",,8462613410 92300703 7244807582 186466010 1909558882 88798869 1740120869 2013381877 4242563000 252179221 11961376362 1735964860 321554297 321551795 88772903 29098405 11969230003 11969230001 21834288,8462613410 92300703 7244807582 186466010 1909558882 88798869 1740120869 2013381877 4242563000 252179221 11961376362 1735964860 321554297 321551795 88772903 29098405 11969230003 11969230001 21834288
M05,multi_destination,1,2026-05-25T17:10:00,Mon 17:10,EDSA-Kamuning,EDSA-Aurora,"14.630706,121.045708","14.622476,121.053329",False,600.0,iaco,0,0,0,"14.628785,121.046652 | 14.627324,121.047330 | 14.625623,121.048108 | 14.623458,121.049075 | 14.621574,121.049958 | 14.622197,121.051699",720.0,"14.630670,121.047515 | 14.628872,121.048051 | 14.630077,121.050361 | 14.629158,121.051043 | 14.625348,121.052901 | 14.625076,121.052313",780.0,24078839 1377334723 305099887 962951230 962951247 1075205320 12080025022 40826229 333526141 316156993 523963095 29523876 523958868 33471553 523959260 5575063133 5575063134 8708136038 8708136037 32519348,24078839 5472104745 243458617 32569986 32088514 32088515 32088516 32088517 32088518 48752724 5320266644 26082690 32088853 32089045 32089044 8437170694 203262694 8708136037 32519348
M05,multi_destination,2,2026-05-25T17:10:00,Mon 17:10,EDSA-Aurora,EDSA-Ortigas,"14.622476,121.053329","14.593441,121.058284",False,720.0,iaco,0,0,0,"14.618143,121.055322 | 14.616126,121.052454 | 14.609081,121.055744 | 14.606256,121.057054 | 14.601666,121.059111 | 14.597583,121.059574",840.0,"14.618527,121.056503 | 14.614269,121.055213 | 14.616126,121.052454 | 14.609081,121.055744 | 14.606256,121.057054 | 14.597583,121.059574",1080.0,32519348 3299171847 720703224 32519350 720695545 32519416 8594864824 8594864823 60093157 5286026336 11956219762 973552682 973552665 973552605 333524088 88787349 2467729098 5286171962 61679564 68901115 88771457 5285161657 4242563043 12029724347 21834288,32519348 3299171847 720703224 32519350 720695545 720698673 720698676 168244409 8594864819 8594864824 31241781 60093151 60093185 60093196 60093211 504009072 333524170 2886434136 12026915271 11956219762 973552682 973552665 973552605 333524088 88787349 2467729098 5286171962 61679564 68901115 88771457 5285161657 4242563043 12029724347 21834288
M06,multi_destination,1,2026-05-25T17:30:00,Mon 17:30,EDSA-Aurora,EDSA-Regalia (P. Tuazon),"14.622476,121.053329","14.616467,121.052300",False,360.0,iaco,0,0,0,"14.621684,121.053724 | 14.619834,121.054639 | 14.619746,121.054667 | 14.618143,121.055322 | 14.617121,121.054599 | 14.616464,121.053576",600.0,"14.621684,121.053724 | 14.619788,121.054751 | 14.620244,121.055681 | 14.618527,121.056503 | 14.617588,121.055131 | 14.616464,121.053576",660.0,32519348 3299171847 720703224 32519350 720695545 32519416 8594864824 8594864823 60093157 5286026336 11956219762 973552682 973552665,32519348 3299171847 720703224 32519350 720695545 720698673 720698676 168244409 8594864819 8594864824 8594864823 60093157 5286026336 11956219762 973552682 973552665
M06,multi_destination,2,2026-05-25T17:30:00,Mon 17:30,EDSA-Regalia (P. Tuazon),8337-Ayala NB 1-PTZ,"14.616467,121.052300","14.550071,121.029408",True,2040.0,iaco,0,0,0,"14.606256,121.057054 | 14.596305,121.059377 | 14.555289,121.035289",2280.0,"14.606256,121.057054 | 14.596305,121.059377 | 14.555289,121.035289",,973552665 973552605 333524088 88787349 2467729098 5286171962 61679564 68901115 88771457 5285161657 5285161656 5288982109 12029158386 313926476 313926605 3775184570 3775184569 3775184564 570700035,973552665 973552605 333524088 88787349 2467729098 5286171962 61679564 68901115 88771457 5285161657 5285161656 5288982109 12029158386 313926476 313926605 3775184570 3775184569 3775184564 570700035
M07,multi_destination,1,2026-05-25T17:50:00,Mon 17:50,EDSA-Kamuning,EDSA-Aurora,"14.630706,121.045708","14.622476,121.053329",True,420.0,iaco,0,0,0,"14.628785,121.046652 | 14.627324,121.047330 | 14.625623,121.048108 | 14.623458,121.049075 | 14.621574,121.049958 | 14.622197,121.051699",720.0,"14.628785,121.046652 | 14.627324,121.047330 | 14.625623,121.048108 | 14.623458,121.049075 | 14.621574,121.049958 | 14.622197,121.051699",,24078839 1377334723 305099887 962951230 962951247 1075205320 12080025022 40826229 333526141 316156993 523963095 29523876 523958868 33471553 523959260 5575063133 5575063134 8708136038 8708136037 32519348,24078839 1377334723 305099887 962951230 962951247 1075205320 12080025022 40826229 333526141 316156993 523963095 29523876 523958868 33471553 523959260 5575063133 5575063134 8708136038 8708136037 32519348
M07,multi_destination,2,2026-05-25T17:50:00,Mon 17:50,EDSA-Aurora,EDSA-Quezon Ave,"14.622476,121.053329","14.644204,121.037738",False,840.0,iaco,0,0,0,"14.621861,121.050158 | 14.625726,121.048331 | 14.628555,121.047031 | 14.635158,121.043557 | 14.637265,121.042173 | 14.641266,121.039583",1020.0,"14.624586,121.051216 | 14.626573,121.050281 | 14.628555,121.047031 | 14.635158,121.043557 | 14.637265,121.042173 | 14.641266,121.039583",960.0,32519348 32519354 5575063134 12029565569 32285111 523962960 523961397 973541489 957845503 512091457 24079238 681146586 249226767 4879643711 7899078632 7965461283 9883466514 312264218 5383119711 286082780,32519348 12026915269 589927748 589927807 203262534 8437170694 203262564 203262589 32089041 32089043 32088851 32088850 32088715 32088716 32088717 512091457 24079238 681146586 249226767 4879643711 7899078632 7965461283 9883466514 312264218 5383119711 286082780
M08,multi_destination,1,2026-05-25T17:55:00,Mon 17:55,EDSA-Regalia (P. Tuazon),8337-Ayala NB 1-PTZ,"14.616467,121.052300","14.550071,121.029408",True,2220.0,iaco,0,0,0,"14.606256,121.057054 | 14.596305,121.059377 | 14.555289,121.035289",2340.0,"14.606256,121.057054 | 14.596305,121.059377 | 14.555289,121.035289",,973552665 973552605 333524088 88787349 2467729098 5286171962 61679564 68901115 88771457 5285161657 5285161656 5288982109 12029158386 313926476 313926605 3775184570 3775184569 3775184564 570700035,973552665 973552605 333524088 88787349 2467729098 5286171962 61679564 68901115 88771457 5285161657 5285161656 5288982109 12029158386 313926476 313926605 3775184570 3775184569 3775184564 570700035
M08,multi_destination,2,2026-05-25T17:55:00,Mon 17:55,8337-Ayala NB 1-PTZ,EDSA-Ortigas,"14.550071,121.029408","14.593441,121.058284",True,2880.0,iaco,0,0,0,"14.555219,121.035354 | 14.557497,121.038096 | 14.588780,121.057128",2880.0,"14.555219,121.035354 | 14.557497,121.038096 | 14.588780,121.057128",,570700035 2697093716 313870591 316969133 24077626 24078211 12029158381 313872522 313474007 313474131 12042058198 313474145 4242563000 252179221 11961376362 1735964860 321554297 321551795 88772903 29098405 11969230003 11969230001 21834288,570700035 2697093716 313870591 316969133 24077626 24078211 12029158381 313872522 313474007 313474131 12042058198 313474145 4242563000 252179221 11961376362 1735964860 321554297 321551795 88772903 29098405 11969230003 11969230001 21834288
M09,multi_destination,1,2026-05-25T18:05:00,Mon 18:05,EDSA-Quezon Ave,EDSA-Kamuning,"14.644204,121.037738","14.630706,121.045708",True,300.0,iaco,0,0,0,"14.643049,121.038071 | 14.641586,121.039089 | 14.639614,121.040364 | 14.637117,121.041984 | 14.634627,121.043515 | 14.633008,121.044594",420.0,"14.643049,121.038071 | 14.641586,121.039089 | 14.639614,121.040364 | 14.637117,121.041984 | 14.634627,121.043515 | 14.633008,121.044594",,286082780 286082839 9883466496 2467398191 298098895 5383119712 288458254 5282138764 286083465 1418830464 286083466 4879643696 246782846 6622286349 5292825911 5472105349 5427170390 817088410 24081884 462068195 24078839,286082780 286082839 9883466496 2467398191 298098895 5383119712 288458254 5282138764 286083465 1418830464 286083466 4879643696 246782846 6622286349 5292825911 5472105349 5427170390 817088410 24081884 462068195 24078839
M09,multi_destination,2,2026-05-25T18:05:00,Mon 18:05,EDSA-Kamuning,EDSA-Regalia (P. Tuazon),"14.630706,121.045708","14.616467,121.052300",True,300.0,iaco,0,0,0,"14.628785,121.046652 | 14.627324,121.047330 | 14.624177,121.048791 | 14.621748,121.049865 | 14.621206,121.050123 | 14.617976,121.051603",480.0,"14.628785,121.046652 | 14.627324,121.047330 | 14.624177,121.048791 | 14.621748,121.049865 | 14.621206,121.050123 | 14.617976,121.051603",,24078839 1377334723 305099887 962951230 962951247 1075205320 12080025022 40826229 333526141 316156993 523963095 29523876 523958868 2370264845 12606354248 7418236940 8657082065 246783235 5731638965 973552665,24078839 1377334723 305099887 962951230 962951247 1075205320 12080025022 40826229 333526141 316156993 523963095 29523876 523958868 2370264845 12606354248 7418236940 8657082065 246783235 5731638965 973552665
M10,multi_destination,1,2026-05-25T18:20:00,Mon 18:20,EDSA-Aurora,EDSA-Regalia (P. Tuazon),"14.622476,121.053329","14.616467,121.052300",False,300.0,iaco,2,0,0,"14.621684,121.053724 | 14.619834,121.054639 | 14.619746,121.054667 | 14.618143,121.055322 | 14.617121,121.054599 | 14.616464,121.053576",480.0,"14.621684,121.053724 | 14.619788,121.054751 | 14.620244,121.055681 | 14.618527,121.056503 | 14.617588,121.055131 | 14.616464,121.053576",540.0,32519348 3299171847 720703224 32519350 720695545 32519416 8594864824 8594864823 60093157 5286026336 11956219762 973552682 973552665,32519348 3299171847 720703224 32519350 720695545 720698673 720698676 168244409 8594864819 8594864824 8594864823 60093157 5286026336 11956219762 973552682 973552665
M10,multi_destination,2,2026-05-25T18:20:00,Mon 18:20,EDSA-Regalia (P. Tuazon),EDSA-Quezon Ave,"14.616467,121.052300","14.644204,121.037738",False,720.0,iaco,2,0,0,"14.620356,121.050850 | 14.624043,121.049075 | 14.628555,121.047031 | 14.635158,121.043557 | 14.637265,121.042173 | 14.641266,121.039583",900.0,"14.614792,121.056396 | 14.614988,121.053299 | 14.624043,121.049075 | 14.628555,121.047031 | 14.633903,121.044396 | 14.638400,121.041434",1560.0,973552665 973552682 5731638971 2397945844 720696446 720702081 679547473 2370264844 33471553 523962960 523961397 973541489 957845503 512091457 24079238 681146586 249226767 4879643711 7899078632 7965461283 9883466514 312264218 5383119711 286082780,973552665 973552682 11956219762 5286026336 60093157 8594864823 31241781 60093151 60093185 60093196 60093211 504009072 333524170 973541489 957845503 512091457 24079238 5472104745 1497962778 24081972 243461145 12132580801 224865426 3666796561 5472105348 681146586 249226767 4879643711 7899078632 7965461283 9883466514 312264218 5383119711 286082780
E01,incident_exposed,1,2026-05-25T18:20:00,Mon 18:20,EDSA-Ortigas,EDSA-Shaw,"14.593441,121.058284","14.580878,121.053531",False,1140.0,iaco,2,1,1,"14.591307,121.057621 | 14.587549,121.056455 | 14.584518,121.055476 | 14.581600,121.053654 | 14.579646,121.055337 | 14.578879,121.053066",1320.0,"14.589082,121.056997 | 14.584518,121.055476 | 14.581600,121.053654 | 14.578867,121.056332 | 14.575139,121.054650 | 14.577642,121.051180",1740.0,21834288 88772467 321554358 11668730945 5286257621 321553342 12067613 8459730704 186466037 7244807594 331134097 92300703 8462613403 334102352 1595999435 88904189 8383619604 334102245 6387606871 994339253 8462613410,21834288 88772467 321554358 11668730945 5286257621 321553342 12067613 8459730704 186466037 7244807594 331134097 92300703 8462613403 334102352 1595999435 88904189 5831362407 334108288 92301121 11956578214 32476370 88902919 5313629850 5313629849 962953432 88901373 994339253 8462613410
E02,incident_exposed,1,2026-05-25T18:20:00,Mon 18:20,EDSA-Quezon Ave,EDSA-Shaw,"14.644204,121.037738","14.580878,121.053531",False,1860.0,iaco,2,1,1,"14.635030,121.043337 | 14.625623,121.048108 | 14.614891,121.053080 | 14.606256,121.057054 | 14.593974,121.058567 | 14.584518,121.055476",1980.0,"14.634058,121.042591 | 14.623458,121.049075 | 14.609081,121.055744 | 14.599698,121.058495 | 14.589082,121.056997 | 14.578867,121.056332",2760.0,286082780 286082839 9883466496 2467398191 298098895 5383119712 288458254 5282138764 286083465 1418830464 286083466 4879643696 246782846 6622286349 305099887 962951230 962951247 1075205320 12080025022 40826229 333526141 316156993 523963095 29523876 523958868 2370264845 12606354248 7418236940 8657082065 246783235 5731638965 973552665 973552605 333524088 88787349 2467729098 5286171962 61679564 68901115 88771457 5285161657 4242563043 12029724348 11969230005 11969230004 11969230003 11969230002 5286257643 5286257642 11668730945 5286257621 321553342 12067613 8459730704 186466037 7244807594 331134097 92300703 8462613403 334102352 1595999435 88904189 8383619604 334102245 6387606871 994339253 8462613410,286082780 286082839 6054242042 9883466502 9883466496 2467398191 298098895 5383119712 288458254 5282138764 286083465 1418830464 32476462 13103830699 13103675151 5284251049 246783371 224865556 13242766408 764036747 764036763 1054417187 462068195 24078839 1377334723 305099887 962951230 962951247 1075205320 12080025022 40826229 333526141 316156993 523963095 29523876 523958868 2370264845 12606354248 7418236940 8657082065 246783235 5731638965 973552665 973552605 333524088 88787349 2467729098 5286171962 61679564 68901115 68902573 68902574 96352275 96349143 96349145 204897675 204897677 298968847 96349491 204896424 305118198 96349148 4242563042 4242563038 88772445 321554358 11668730945 5286257621 321553342 12067613 8459730704 186466037 7244807594 331134097 92300703 8462613403 334102352 1595999435 88904189 5831362407 334108288 92301121 11956578214 32476370 11958493326 8383619604 9859168247 5313629850 5313629849 962953432 88901373 994339253 8462613410
E03,incident_exposed,1,2026-05-25T18:25:00,Mon 18:25,EDSA-Kamuning,EDSA-Shaw,"14.630706,121.045708","14.580878,121.053531",False,1620.0,iaco,8,1,1,"14.623458,121.049075 | 14.614481,121.053270 | 14.606256,121.057054 | 14.597583,121.059574 | 14.589082,121.056997 | 14.581600,121.053654",1920.0,"14.624177,121.048791 | 14.609081,121.055744 | 14.599698,121.058495 | 14.589082,121.056997 | 14.584244,121.055635 | 14.578102,121.057139",2880.0,24078839 1377334723 305099887 962951230 962951247 1075205320 12080025022 40826229 333526141 316156993 523963095 29523876 523958868 2370264845 12606354248 7418236940 8657082065 246783235 5731638965 973552665 973552605 333524088 88787349 2467729098 5286171962 61679564 68901115 88771457 5285161657 4242563043 12029724348 11969230005 11969230004 11969230003 11969230002 5286257643 5286257642 11668730945 5286257621 321553342 12067613 8459730704 186466037 7244807594 331134097 92300703 8462613403 334102352 1595999435 88904189 8383619604 334102245 6387606871 994339253 8462613410,24078839 1377334723 305099887 962951230 962951247 1075205320 12080025022 40826229 333526141 333524088 88787349 2467729098 5286171962 61679564 96348868 12029288044 12029288041 2089476099 96350199 12029557279 12029557281 68902574 96352275 96349143 96349145 305118198 96349148 4242563042 4242563038 88772445 321554358 11668730945 5286257621 321553342 12067613 8459730704 186466037 7244807594 331134097 92300703 7244807582 186466010 1909558882 321305921 95516147 332517749 5878383767 95513739 10861375319 88901093 92301121 11956578214 32476370 11958493326 8383619604 9859168247 5313629850 5313629849 962953432 88901373 994339253 8462613410
E04,incident_exposed,1,2026-05-25T18:25:00,Mon 18:25,EDSA-Aurora,EDSA-Ortigas,"14.622476,121.053329","14.593441,121.058284",False,660.0,iaco,8,1,1,"14.618143,121.055322 | 14.616126,121.052454 | 14.609081,121.055744 | 14.606256,121.057054 | 14.601666,121.059111 | 14.597583,121.059574",720.0,"14.620244,121.055681 | 14.616439,121.052802 | 14.614048,121.053468 | 14.609081,121.055744 | 14.601666,121.059111 | 14.597583,121.059574",840.0,32519348 3299171847 720703224 32519350 720695545 32519416 8594864824 8594864823 60093157 5286026336 11956219762 973552682 973552665 973552605 333524088 88787349 2467729098 5286171962 61679564 68901115 88771457 5285161657 4242563043 12029724347 21834288,32519348 3299171847 720703224 32519350 720695545 720698673 720698676 168244409 8594864819 8594864824 8594864823 60093157 5286026336 11956219762 973552682 973552665 973552605 333524088 88787349 2467729098 5286171962 61679564 68901115 88771457 5285161657 4242563043 12029724347 21834288
E05,incident_exposed,1,2026-05-25T18:25:00,Mon 18:25,EDSA-Regalia (P. Tuazon),EDSA-Ortigas,"14.616467,121.052300","14.593441,121.058284",True,300.0,iaco,8,1,1,"14.614048,121.053468 | 14.609081,121.055744 | 14.606256,121.057054 | 14.601666,121.059111 | 14.597111,121.059515",420.0,"14.614048,121.053468 | 14.609081,121.055744 | 14.606256,121.057054 | 14.601666,121.059111 | 14.597111,121.059515",,973552665 973552605 333524088 88787349 2467729098 5286171962 61679564 68901115 88771457 5285161657 4242563043 12029724347 21834288,973552665 973552605 333524088 88787349 2467729098 5286171962 61679564 68901115 88771457 5285161657 4242563043 12029724347 21834288
E06,incident_exposed,1,2026-05-25T18:30:00,Mon 18:30,EDSA-Ortigas,8337-Ayala NB 1-PTZ,"14.593441,121.058284","14.550071,121.029408",False,1980.0,iaco,8,1,1,"14.601465,121.058574 | 14.596305,121.059377 | 14.555289,121.035289",2520.0,"14.601283,121.058068 | 14.596305,121.059377 | 14.555289,121.035289",2520.0,21834288 96349148 305118198 96349145 96349143 96352275 68902574 68902573 88771457 5285161657 5285161656 5288982109 12029158386 313926476 313926605 3775184570 3775184569 3775184564 570700035,21834288 96349148 305118198 204896424 204897675 204897677 96349490 96352275 68902574 68902573 68901115 88771457 5285161657 5285161656 5288982109 12029158386 313926476 313926605 3775184570 3775184569 3775184564 570700035
E07,incident_exposed,1,2026-05-25T18:30:00,Mon 18:30,EDSA-Ortigas,EDSA-Shaw,"14.593441,121.058284","14.580878,121.053531",False,1140.0,iaco,8,2,2,"14.591307,121.057621 | 14.587549,121.056455 | 14.584518,121.055476 | 14.581600,121.053654 | 14.579646,121.055337 | 14.578879,121.053066",900.0,"14.589082,121.056997 | 14.584518,121.055476 | 14.584244,121.055635 | 14.581293,121.057891 | 14.578243,121.057225 | 14.579646,121.055337",2040.0,21834288 88772467 321554358 11668730945 5286257621 321553342 12067613 8459730704 186466037 7244807594 331134097 92300703 8462613403 334102352 1595999435 88904189 8383619604 334102245 6387606871 994339253 8462613410,21834288 88772467 321554358 11668730945 5286257621 321553342 12067613 8459730704 186466037 7244807594 331134097 92300703 7244807582 186466010 1909558882 321305921 95516147 332517749 5878383767 95513739 10861375319 88901093 266648653 332517750 1595999439 1595999435 88904189 8383619604 334102245 6387606871 994339253 8462613410
E08,incident_exposed,1,2026-05-25T18:30:00,Mon 18:30,EDSA-Quezon Ave,EDSA-Ortigas,"14.644204,121.037738","14.593441,121.058284",False,720.0,iaco,8,1,1,"14.637117,121.041984 | 14.628785,121.046652 | 14.623458,121.049075 | 14.616126,121.052454 | 14.609081,121.055744 | 14.601666,121.059111",960.0,"14.637117,121.041984 | 14.628785,121.046652 | 14.624177,121.048791 | 14.614891,121.053080 | 14.609081,121.055744 | 14.601666,121.059111",960.0,286082780 286082839 9883466496 2467398191 298098895 5383119712 288458254 5282138764 286083465 1418830464 286083466 4879643696 246782846 6622286349 305099887 962951230 962951247 1075205320 12080025022 40826229 333526141 316156993 523963095 29523876 523958868 2370264845 12606354248 7418236940 8657082065 246783235 5731638965 973552665 973552605 333524088 88787349 2467729098 5286171962 61679564 68901115 88771457 5285161657 4242563043 12029724347 21834288,286082780 286082839 6054242042 9883466502 9883466496 2467398191 298098895 5383119712 288458254 5282138764 286083465 1418830464 286083466 4879643696 246782846 6622286349 305099887 962951230 962951247 1075205320 12080025022 40826229 333526141 333524088 88787349 2467729098 5286171962 61679564 68901115 88771457 5285161657 4242563043 12029724347 21834288
E09,incident_exposed,1,2026-05-25T18:30:00,Mon 18:30,8337-Ayala NB 1-PTZ,EDSA-Ortigas,"14.550071,121.029408","14.593441,121.058284",False,2940.0,iaco,8,1,1,"14.555219,121.035354 | 14.557497,121.038096 | 14.588780,121.057128",3000.0,"14.555219,121.035354 | 14.557497,121.038096 | 14.588780,121.057128",3000.0,570700035 2697093716 313870591 316969133 24077626 24078211 12029158381 313872522 313474007 313474131 12042058198 313474145 4242563000 252179221 11961376362 1735964860 321554297 321551795 88772903 29098405 11969230003 11969230001 21834288,570700035 2697093716 313870591 316969133 24077626 24078211 12029158381 313872522 313474007 313474131 12042058198 313474145 4242563000 11961376363 11961376362 1735964860 321554297 321551795 88772903 29098405 11969230003 11969230001 21834288
E10,incident_exposed,1,2026-05-25T18:30:00,Mon 18:30,EDSA-Regalia (P. Tuazon),EDSA-Ortigas,"14.616467,121.052300","14.593441,121.058284",True,300.0,iaco,8,1,1,"14.614048,121.053468 | 14.609081,121.055744 | 14.606256,121.057054 | 14.601666,121.059111 | 14.597111,121.059515",420.0,"14.614048,121.053468 | 14.609081,121.055744 | 14.606256,121.057054 | 14.601666,121.059111 | 14.597111,121.059515",,973552665 973552605 333524088 88787349 2467729098 5286171962 61679564 68901115 88771457 5285161657 4242563043 12029724347 21834288,973552665 973552605 333524088 88787349 2467729098 5286171962 61679564 68901115 88771457 5285161657 4242563043 12029724347 21834288
