trip_id,scenario_type,leg,window,apple_leave_at,origin,destination,origin_latlon,destination_latlon,same_route,apple_eta_seconds,baseline_algorithm,events_live,antroute_event_edges,baseline_event_edges,antroute_waypoints,antroute_apple_eta_seconds,baseline_waypoints,baseline_apple_eta_seconds,antroute_route,baseline_route,graph,antroute_predicted_eta_seconds,baseline_predicted_eta_seconds
R11,recommended,1,2026-05-25T17:10:00,Mon 17:10,"Saint Andrew Street (14.67296,121.10472)","De Castro Avenue (14.58723,121.09425)","14.672957,121.104719","14.587230,121.094250",False,2700.0,iaco,0,0,0,"14.662578,121.101215 | 14.650247,121.102618 | 14.638394,121.098066 | 14.624724,121.098801 | 14.613563,121.095901 | 14.600281,121.092297",3060.0,"14.663761,121.103039 | 14.652365,121.104315 | 14.639075,121.101453 | 14.623851,121.102234 | 14.612601,121.095644 | 14.603005,121.093950",2880.0,426466762 1133370973 426466765 59606008 8118801352 1133370781 13081555257 612751795 3966488686 59606415 59606339 59606340 59606342 318616489 59606222 59606348 1133370552 41982265 8377328693 8377694663 33120777 32084828 8314780111 32085100 32085101 33120773 32085104 32614523 32623667 32623694 32623724 21322197 32284894 32284950 21322195 26546391 32679840 459416776 21458443 32614483 32614474 32614467 21458558 21458533 21458441 32210062 33450272 33450168 24653804 31863389 26664755 32120908 278092669 32284984 32622422 32837585 25004294 11644760882 8661396183 49819811 51971616 1792573009 165976042 8386124291 4566100666 51978623 225292258 49820317 11957721789 174624393 332381587 252057677 354796668 332381440 332381439 9789260148 332381467 5621515438 364410694 252057511 1298246118 369118070 1298053109 123476852,426466762 1133370973 426466765 426466596 8387185370 426466781 12093951201 59605909 59605908 59605969 59605906 59605905 59606012 225318859 59606263 59606240 59606145 59606075 42001120 8666433877 42001154 42001029 21322208 21322209 42899501 42899580 42900100 252842815 42899665 41981828 33120698 602892870 32614526 32614525 33450367 33120757 25007787 32623667 32623668 32623669 32623670 26664718 32821522 32084266 32084264 32285061 32285180 348964937 995789177 995789174 26546388 6773345497 8604292560 26546502 696291791 8295487418 32614493 25353158 33449898 32476706 31863047 32209500 21458378 21458438 21458401 1133370953 3610481631 30760073 30760114 32663672 25004294 11644760882 8661396183 49819811 51971616 1792573009 165976042 8386124291 4566100666 51978623 225292258 49820317 8405751264 8405751262 332382113 174601313 174619406 174619119 174618972 174618877 174624590 174624458 174624459 174604396 5620904475 174624396 5620904458 174633703 174624394 174624393 332381587 252057677 354796668 332381440 332381439 9789260148 332381467 5621515438 364410694 252057511 1298246118 369118070 1298053109 123476852,full,2356.3,3582.0
R12,recommended,1,2026-05-25T18:05:00,Mon 18:05,"North Avenue (14.65497,121.03284)","Acuña Drive (14.67367,121.02850)","14.654974,121.032838","14.673671,121.028499",False,1320.0,iaco,0,0,0,"14.656077,121.028516 | 14.658401,121.025610 | 14.662178,121.023836 | 14.665695,121.023099 | 14.668383,121.026916 | 14.671824,121.028020",2400.0,"14.656060,121.028512 | 14.658964,121.024558 | 14.662178,121.023836 | 14.664736,121.026373 | 14.668649,121.028135 | 14.671293,121.028139",2640.0,9958498733 9958498734 12444293818 12444293816 5432533964 5475044862 9979537324 35456301 5284066448 5284066447 103792071 9755251509 5282228793 103790503 2152808817 103791313 103791164 1341002929 103812719 310742106 310742107 103816968 219937494 219938056 219942240 219942759 219939854 219939858 219940283 219940985 219940814 219942196 219941217 219940792 219941583 219941438 219948083 219957770 219948084 219958173 219958854 310742108 250544706 310742109 8497658087 250544590,9958498733 9958498734 12444293818 12444293816 5432533964 5475044862 9979537324 35456301 12637852738 9979537323 8392436545 8392436550 5284066454 103787375 103786857 103787311 12069557244 84508147 310732724 310732608 310732741 2152808817 103791313 103791164 1341002929 103812719 310742106 310742107 103814324 219940288 219940286 219940285 219938057 219938535 1837499105 219939861 219941175 219940786 219940792 219941583 219941438 219948083 219957770 219948084 219958173 219958854 310742108 250544706 310742109 8497658087 250544590,full,1027.8,1284.8
R13,recommended,1,2026-05-25T07:55:00,Mon 07:55,"Roldan Street (14.50156,121.06296)","Osmeña Highway (14.55501,121.00908)","14.501557,121.062955","14.555008,121.009076",False,1320.0,iaco,0,0,0,"14.504764,121.052725 | 14.504644,121.042239 | 14.511243,121.033625 | 14.522652,121.027157 | 14.534893,121.019902 | 14.542580,121.015772",2460.0,"14.510778,121.058292 | 14.518147,121.050627 | 14.515235,121.035104 | 14.520924,121.028221 | 14.530611,121.022239 | 14.541679,121.016221",2640.0,8290261989 8290261990 247829937 312509197 329984761 2447899838 2447899843 2447899880 2447899877 2447899876 2447899866 2447899855 247815030 247815079 247815032 6113843893 6113843894 329983088 247815003 247814987 8371265709 2692671820 247814988 330433316 2692671824 3049708212 3101313797 5507197084 3101313793 5691397114 3956070555 8377822061 7533676229 7533676230 247823938 5362644193 8505367298 12018497337 5651330594 7533676313 14046348282 5729527637 299200681 299200268 5729492877 312497346 5729492853 299200275 9786949667 297166763 1238643099 695058357 2461210928 2461210935 1238642967 2461210968 12046266997 299183349 12046266991 363056855 4503764352 597581718 313866157 313866159 313865764 9871049394 4196499450 7037465521 5291043834 244452500 558297457 340223123 7112711056 7112656841 358843086 313858360,8290261989 8290129394 8290549862 8290129392 8314882560 8315104678 11976411389 8290129391 2461210802 8315112900 8315112913 2177196057 8315023930 8315004176 5579884306 2924788957 247814963 247815085 247815086 330433024 330433025 2461210845 247814937 247814936 247814956 247814957 247814823 247814822 247814960 247814949 247814946 247814943 247814942 8383250781 247815102 247814941 3011739317 8313866458 318824443 2692664127 318823387 318825572 1420695595 247813441 8370368498 225348014 318826587 973855610 8374294077 8371173835 8371173834 10568340941 972690071 972690320 316008959 21675312 8609413442 316007397 2007754162 21675307 21675306 1238643045 8574197696 1238643026 1238643126 1238643099 695058357 2461210928 2461210935 2461210958 2461210975 2461210985 2461210968 12046266997 299183349 12046266991 363056855 4503764352 597581718 10097650492 10097650496 420048345 6935443586 993734045 313867218 993733953 10097650491 313866157 313866159 313865764 9871049394 4196499450 7037465521 5291043834 244452500 558297457 340223123 7112711056 7112656841 358843086 313858360,full,1524.2,2173.1
R14,recommended,1,2026-05-25T07:50:00,Mon 07:50,"J. Aguilar Avenue (14.44618,120.99402)","CRM Avenue (14.42198,121.01422)","14.446182,120.994020","14.421981,121.014222",False,1560.0,iaco,0,0,0,"14.442566,120.996991 | 14.439963,121.001110 | 14.437307,121.006054 | 14.434878,121.010572 | 14.431894,121.014222 | 14.426800,121.014696",1860.0,"14.442566,120.996991 | 14.439963,121.001110 | 14.436993,121.006640 | 14.434489,121.011136 | 14.430086,121.013133 | 14.424847,121.013927",2100.0,6106188544 345515055 39982697 319430442 312239030 8359899673 312248022 312239339 1694266179 1694266178 1694266177 1694266176 319429969 895292994 7857751168 319429973 319426200 271191363 1367425838 319427681 1367425864 494763339 27152417 494763336 11990698166 8315472735 8501503210 7262992476 8315205769 27359044 27152679 6627625772 252173045 8534411125 8348379681 1013572216 2924668938 319185998 11352753432 319185946 321637478 319168696 1660085792 1660085781 1660085757 1660085734 1660085731 1660085727 10749880667 614152236 8354034281 1660055029 1660055012 1660055000,6106188544 345515055 39982697 319430442 312239030 8359899673 312248022 312239339 1694266179 1694266178 1694266177 1694266176 319429969 895292994 7857751168 319429973 319426200 271191363 1367425838 319427681 1367425864 494763339 27152417 494763336 11990698166 8315472735 8501503210 7262992476 8315205769 27359044 27152679 6627625772 252173045 8534411125 8348379681 1013572216 2924668938 319185998 11352753432 11352753438 1660085802 1660085773 1660085736 1660169220 1660085724 321929540 1660085708 1660085709 1660085710 614152236 8354034281 1660055029 1660055012 1660055000,full,519.6,787.9
R15,recommended,1,2026-05-25T17:25:00,Mon 17:25,"Guevarra Street (14.64384,121.02464)","Montreal Street (14.62604,121.04908)","14.643840,121.024642","14.626038,121.049080",False,1140.0,iaco,0,0,0,"14.642620,121.029231 | 14.637780,121.031621 | 14.636410,121.037959 | 14.633431,121.041862 | 14.630809,121.046041 | 14.630077,121.050361",1680.0,"14.638266,121.027721 | 14.638703,121.031033 | 14.640961,121.036776 | 14.634809,121.040464 | 14.630706,121.045708 | 14.623256,121.048872",1440.0,39630805 39631979 39631939 39630835 39630804 1376405513 246803533 249247865 10789652885 1247193341 1247193351 5292826839 337435339 246803528 246803493 246803494 246803488 246803490 88783997 11448982498 11448982497 88784053 7236266925 5825847084 5741144166 188882503 32929736 7234355864 32476460 32476456 60980010 5380606495 9838848703 32476453 13242754996 8314690939 5351790617 6264891429 12132597201 764036747 764036763 1054417187 462068195 24078839 5472104745 243458617 32569986 32088514 32088515 32088516 32088037 5320266644 26082690 32088713 1352605519 33084594 32088715 32088716 32088849 32088848,39630805 39631979 39631939 39630835 39630804 1376405513 246803533 249247865 10789652885 1247193341 1247193351 5440112941 32476467 1253818298 764036799 462048269 1253818245 1253818236 1253818215 3117948709 3117948708 348029963 5741144180 247006530 188882503 32929736 6669763685 32929735 32476459 60980013 9735228231 12067515 9735594015 32476450 32476451 5380606495 60980008 9838848701 32476453 13242754996 8314690939 5351790617 6264891429 12132597201 764036747 764036763 1054417187 462068195 24078839 1377334723 305099887 962951230 962951247 1075205320 12080025022 40826229 40824202 40824441 40824310 40824675 316156993 523963095 523961397 973541489 957845503 32088848,full,980.0,985.1
R16,recommended,1,2026-05-25T18:20:00,Mon 18:20,"Gladiola Street (14.73539,121.02766)","Luz Street (14.70640,121.04518)","14.735386,121.027660","14.706395,121.045175",False,1500.0,iaco,0,0,0,"14.738846,121.031353 | 14.732689,121.035144 | 14.726891,121.038415 | 14.721804,121.039536 | 14.714514,121.040321 | 14.709671,121.041538",1620.0,"14.738846,121.031353 | 14.732689,121.035144 | 14.726891,121.038415 | 14.721804,121.039536 | 14.714514,121.040321 | 14.709650,121.041710",1620.0,4064636159 309624037 309624007 309623791 309624089 309623528 317200908 309624146 5533942097 5533942096 5534012988 5533942091 8720803366 5533942073 301034463 309625090 260740436 309625115 260903954 11541980163 11541980162 260904564 260903917 5530804608 260903841 260903871 12083554087 260903891 260904535 260904532 260898636 260897476 5633396043 1333677504 8314429600 260740642 5634814422 8661054619 260740442 260898495 260896307 260897189 148905134 260899737 260899889 260897838 260895545 260898150 260899262 8312047010 260897630 260898603 260896894 260895866 260897955 260896953 260897724 260895691 260897774 260896100 260898259,4064636159 309624037 309624007 309623791 309624089 309623528 317200908 309624146 5533942097 5533942096 5534012988 5533942091 8720803366 5533942073 301034463 309625090 260740436 309625115 260903954 11541980163 11541980162 260904564 260903917 5530804608 260903841 260903871 12083554087 260903891 260904535 260904532 260898636 260897476 5633396043 1333677504 8314429600 260740642 5634814422 8661054619 260740442 260898495 260896307 260897189 148905134 260899737 260899889 260897838 260895545 260898150 260899262 8312047010 8312078418 13161577044 260898603 260896894 260895866 260897955 260896953 260897724 5475864118 260897920 260897774 260896100 260898259,full,966.6,1152.5
R17,recommended,1,2026-05-25T07:10:00,Mon 07:10,"Petunia Street (14.53564,121.05896)","Quirino Avenue (14.57320,120.99400)","14.535645,121.058958","14.573195,120.993996",False,2220.0,iaco,0,0,0,"14.545979,121.056010 | 14.544946,121.044720 | 14.548453,121.032638 | 14.556877,121.021163 | 14.566743,121.012945 | 14.572503,121.002305",3360.0,"14.545979,121.056010 | 14.552465,121.048130 | 14.557055,121.033287 | 14.562189,121.022341 | 14.562569,121.010958 | 14.566461,121.002915",3120.0,319944986 318829774 318829505 318829772 318829771 318829770 318829769 318829768 318829767 318829765 3504272198 319922357 318830926 318831353 318830970 318831031 252167995 318926504 318923367 252168093 252167997 13127807421 318917663 9843611657 9969888816 7461930285 319894127 252167999 318915583 319896585 253047804 253048275 266807828 253046064 6622266329 6622266328 3731201196 251456708 303829417 148846556 243446871 148846558 32543195 6966833958 32542493 148846566 12072804 301301821 8323563677 253047234 9976440454 313149924 253047207 12072827 366411876 200378004 1165284169 5291010000 2697093716 3775184569 225319003 6622952430 225266649 12015883636 354401889 225266548 8341908044 360289820 6622826266 25033949 43700344 319124474 371022096 12072844 225266054 178159466 3719960035 1441710034 21717780 283024482 683048075 5489324344 6647259030 204265295 25584095 5489324340 21674223 370226260 25584083 333966024 25584080 141445910 2159444673 141446951 79661819 79661944 139064077 139063926 79669210 139058940 136907094 136906745 139059364 136886811 2355630674 136906735 136905730 136905732 136905733 141442600 141442599 141442598 1669636033 1669636031 7432593067 9816815267 311889340 33955814 340175516 340175740 1669636027 411302179 141466380 141466477 141466476 141466475 33956724 316546211 33956723 33956708 33956697 252166863 252166861 151045053 11999605150,319944986 318829774 318829505 318829772 318829771 318829770 319946253 319946572 319946585 3859865419 3803081597 33626159 1123583399 253047804 253048275 266807828 253046064 6622266329 6622266328 1938892853 365270912 2462250734 2462250736 2462250738 253303213 32542716 32543277 32543278 418844899 2462250741 2462250743 2462250744 5286887098 8389177982 5286887107 32543957 32543969 145194494 145193351 145193352 6641310864 371020100 371020103 2139625511 3720709420 25583963 5472218482 25583961 25583825 6647259035 204265295 25584095 5489324340 5472218307 333545355 79665100 25584093 25584090 25584088 79667316 139070681 139070893 139071211 25583809 79669209 79669210 139058940 136907094 136906745 139058418 324327714 6336919071 7011405151 2355630630 2744392686 4210478466 316979155 136886808 1669669707 1669669696 4210478464 136886805 299392752 12010346506 311889340 33955814 340175516 340175740 1669636027 411302179 141466380 141466477 141466476 141466475 33956724 316546211 33956723 33956708 33956697 252166863 252166861 151045053 11999605150,full,1885.4,1213.0
R18,recommended,1,2026-05-25T07:10:00,Mon 07:10,"Ninang Lydia Street (14.73155,121.02389)","1st Street (14.77231,121.02995)","14.731547,121.023894","14.772306,121.029950",False,2100.0,iaco,0,0,0,"14.734961,121.027889 | 14.740127,121.032585 | 14.747755,121.033946 | 14.753667,121.034560 | 14.761531,121.034970 | 14.768619,121.034473",2880.0,"14.740200,121.025521 | 14.747063,121.029440 | 14.747796,121.023635 | 14.750344,121.019579 | 14.757564,121.028687 | 14.766580,121.028454",2460.0,309620729 309620023 309620188 309620250 309620313 309620331 309620041 309620079 309620121 309619641 309623040 309619587 309623553 309623378 309623478 309624025 4064636158 309624007 309623791 309624089 309623528 317200908 309624146 5533942097 5533942098 301034459 13103495340 301034458 314203094 301546075 301546082 5528502164 5528565610 8716548038 331125859 8133493772 301546336 301546417 301546419 301545698 9885524203 8133493765 8133493759 309627167 309627163 301750635 331125861 331125863 301750637 301750667 301750648 301750642 301750620 301750614 301750615 309627235 314199597 314199839 314199801 8292931598 301750357 5168885316 11346034091 11346034090 11346034094 11346034080 11346034078 301750366 11346034075 309811019 309812130 8293426442 309811034 8293426443 309811043 309811050 309811054 309811160 309811171 309811168 8292931595 309811174 309811149 311269819 311270332 311270370 311270393 311269846 311270110 311270398 311270428 311270301 311270300 311270457 311270491 311270515 311270226 311269885 311270199 8313769921 311270684,309620729 309620023 309620188 309620250 309620313 317211834 317199580 317214077 309620320 309619778 3612154980 309619688 309621021 309618039 309618041 6657331603 6657331607 309623734 5528474875 5528474876 309618050 8386004125 5531203629 5531203630 5531203631 10017287188 309810185 5360087974 301546508 301546509 301546528 301546550 301546696 301546510 301546563 301747773 301747786 301688542 301747787 301747785 301546561 309628436 301546553 301546541 309810311 5360087977 309810309 4421833431 317201275 309810302 309810301 309810363 5359996615 5359996610 301034482 5359996604 506887909 506887912 506887921 506887920 311476104 5346103990 4914001116 317200598 5432168696 1075338858 301748004 5360052838 301747991 6608899958 301747989 5432168685 8317733005 309810629 8292931599 314199365 310378095 310378090 8631347676 310378030 310377767 310377659 310378154 311268552 311269675 311268615 311269780 311268776 311268775 311268727 311268519 311268753 311268518 311270329 311270346 311270305 311270304 311270301 311270452 311270466 311270499 311270515 311270226 311269885 311270199 8313769921 311270684,full,1511.1,2465.7
R19,recommended,1,2026-05-25T18:25:00,Mon 18:25,"Nakpil Street (14.54968,121.01975)","Marcos Highway (14.62068,121.10130)","14.549678,121.019750","14.620681,121.101299",False,5280.0,iaco,0,0,0,"14.555219,121.035354 | 14.562350,121.053330 | 14.575084,121.063035 | 14.585428,121.076912 | 14.594743,121.088242 | 14.612601,121.095644",5820.0,"14.559548,121.036385 | 14.564970,121.054209 | 14.550244,121.068451 | 14.558148,121.082962 | 14.581150,121.087125 | 14.606732,121.092199",6540.0,243796443 243796434 243796345 243796346 242853942 3720727745 6681088378 12072892 2139634816 2139634814 2692948817 305572145 243487388 356354345 6580291430 8323827360 24078211 12029158381 313872522 313474007 313474131 12042058198 313474145 5286880417 1123423053 1122949731 1122949749 3262823886 5286881251 313497625 313502570 383361276 313503107 301843166 12072966848 301843165 313507200 313507017 313501459 5466745325 9873153149 301843150 301843114 301843117 32544108 9832549690 7632664883 9622499178 88903446 88903444 1941045512 1941045525 88905462 9426200019 11639755073 9093585889 332538698 9093585899 5454100056 2580439458 2580439465 3708334236 6630531560 88798214 95510014 88798217 9856645453 8371859417 5499580708 259664173 92146007 5499580688 2138758719 11927568327 92146510 259660376 259660407 255690965 255690964 11970544760 11970544763 255691015 11970544757 259660780 9881508358 321708129 252179812 252179813 33626193 321708072 321708110 12047750296 12047750293 3908262099 6510134624 8366098018 9897110175 9897110179 11297413328 11297413327 332381412 123475123 8598095314 11297456532 1298258740 5620936916 11374093777 332381425 252057675 931417003 8627337943 174620994 8627337941 32476288 174600839 49820317 225292258 51978623 4566100666 8386124291 165976042 1792573009 51971616 49819811 29978999 33450002 11431875803 33450007 174652948 33450135 8310221515 34391868 34392004 10276121561 734988604 3610481624 30760073 30760114,243796443 243796348 243796347 6635576201 21763902 243203726 243971603 345517953 452416527 242416551 281229581 243799252 354401380 243486257 27049644 25033949 43700344 319124474 319124549 371022102 371022105 419488693 419488692 1400859821 369317951 1249465747 1249465742 6627027144 204289214 2139625333 21675195 145193352 2139625357 21674120 21675194 246041596 32544027 246041622 246044744 246044844 246044947 246045203 246044543 246043472 246045205 246044949 246044044 246043644 246043475 8383851788 246043207 8926126859 313456693 313873040 917972572 2738883867 248500050 248500074 248500170 248500055 248500140 248500142 248500077 313458772 313458784 248500071 32546629 299385798 2315613623 304906641 32546626 313459210 2337738041 32546623 242434204 303915907 2337738049 2337738048 313459909 9832261570 9421719558 313514846 242434215 9873260788 6622161731 5602512091 313679817 313679524 313676136 313676198 1952485206 313676445 313676855 313676826 313676956 313677163 313677175 313677257 313677550 242434225 313681164 313681074 313688531 8384507334 313688559 242434233 318854835 9834855476 318855781 318856893 318856897 318857044 318858185 8313778368 318859002 318859008 6622879732 242434202 318862596 318862595 6622879721 299176963 3305144083 8311978171 8311978165 299179831 1458392013 1329493123 299177280 299179105 299177170 32544174 299177192 299177156 299177216 299177269 299178834 1108796250 299178835 1108796242 299178798 9847336878 32544876 32544872 32544871 330435384 32544870 299179111 328250767 299179110 1108796258 1330445807 7987655932 501603402 501603404 501603958 32544175 1458392010 328294653 8313879813 88913496 8484772220 88913693 9789090186 1080527770 1989260760 32544861 1840961306 1840961304 309584125 88917475 9788964288 11981722060 88917136 88918420 225009820 88919250 123422154 123420910 6060063256 88917138 88915669 88916639 10786931079 6618805215 12015145171 6618805222 6618805210 6618805227 1849111140 123486461 12015145170 6618805204 5389986935 2461168488 2583266810 2583266809 6118731923 6118731928 6118731932 6118731931 8257894414 6118731944 6118731943 8256153055 11914730606 1340926864 332380822 123437168 332381018 1340926778 332381236 123437722 6618748829 123479076 293163834 8334689070 332379375 332379371 123436384 293170882 1340926880 123442003 1467785215 8334689088 123482612 9970804643 9917411856 369117960 369117908 369118070 1298246118 252057511 364410694 5621515438 332381467 332381466 332381470 332381449 332381450 332381441 332381440 332381439 1298258766 11297456532 1298258740 5620936916 11374093777 332381425 252057675 931417003 8627337943 174620994 8627337941 32476288 174600839 174595346 51979960 31241731 1138394885 1138394899 1138394928 332371915 332371916 332371919 51978889 1138394903 51979169 51979101 332371470 332371907 471842511 471842510 9738012784 6265306840 51977796 4316644716 25353280 332342257 12055293168 8661396183 49819811 29978999 33450002 11431875803 33450007 174652948 33450135 8310221515 5604961803 34392082 34392081 8310264548 34392004 10276121561 32208162 32208163 32208164 32208165 734988604 3610481624 30760073 30760114,full,2771.2,6547.7
R20,recommended,1,2026-05-25T17:55:00,Mon 17:55,"Chestnut Street (14.63983,121.11915)","Sweden Street (14.65727,121.08622)","14.639827,121.119147","14.657275,121.086225",False,1260.0,iaco,0,0,0,"14.643095,121.116896 | 14.645649,121.110677 | 14.648311,121.104601 | 14.653115,121.103134 | 14.655671,121.098390 | 14.659105,121.090743",1440.0,"14.643686,121.117185 | 14.650767,121.111893 | 14.656249,121.112090 | 14.654810,121.105031 | 14.654371,121.100666 | 14.657972,121.091907",1680.0,33923377 33952556 33952555 33952447 33923308 32285130 33952203 26546390 26546410 31877294 32285055 32284891 32285071 325136778 32284924 335296063 32285086 32284944 32285106 26546493 1474885470 32623566 1080161897 32623568 32821443 1470423569 1470423486 8333250627 1470423449 1470423529 1470423608 32821483 32623674 8314164340 7685336071 7685336079 7685336073 7685336075 657908187 7685370832 32623671 32623670 32623669 32623668 32623667 32614523 32614524 32085101 32085100 8314780111 32084828 33120777 8377694663 8377328693 2293182122 33121117 33120912 8272483580 317496252 317496239 12096070301 32929975 32929979 32929990 32929970 34019136 252843580 8317926405 252843583 34019138 8317851087 34019118 34019129 252843571,33923377 42938551 42935469 42938455 42935485 1133370281 31877206 33952768 33952237 12094130989 335909657 33952203 26546390 34782491 31877216 276838731 276838732 26546490 30759998 8377458276 8377458275 25005936 25006040 32821295 2620543325 32821383 32821385 32821381 32821380 32821379 32821378 32821334 32821336 32821338 32821339 325135906 32821343 26664780 33450351 33450349 33450343 33450326 33450327 426284236 42921150 33120698 33120697 32084825 32084826 33120777 8377694663 8377328693 2293182122 33121117 33120912 8272483580 317496252 317496239 12096070301 32929975 32929979 32929990 32929970 32929971 34019165 34019129 252843571,full,1395.3,1869.3
M11,multi_destination,1,2026-05-25T17:10:00,Mon 17:10,"Shaw Boulevard (14.57436,121.06178)","Multinational Avenue (14.50008,120.99752)","14.574364,121.061777","14.500075,120.997518",False,3000.0,iaco,0,0,0,"14.564926,121.054427 | 14.557364,121.040868 | 14.546336,121.024520 | 14.538879,121.010825 | 14.531652,120.999630 | 14.515870,121.002582",3720.0,"14.562350,121.053330 | 14.549276,121.046034 | 14.537972,121.028833 | 14.551230,121.011270 | 14.536383,121.000027 | 14.515685,120.996050",6000.0,332538926 7244807551 88901537 92301123 92297743 88902006 92301773 88902943 88903822 88903254 6640054562 13161585501 7855785373 5877130607 32544107 9873153153 32544102 5877143510 2622376189 313467629 32544096 12072966849 11973837648 1400573067 313503181 32544090 313468617 313469821 313470327 313470254 225198043 225197616 313926476 3775223373 259655618 244452511 5286836718 7474757281 32169081 13710396927 243434165 12067355 750630860 5973882897 2596356488 333469778 243796885 1263630907 316955350 316955026 5527137111 8449090869 3611904145 143676963 445282786 25389141 414584628 2669725315 2321413516 9869146170 9869146173 9869146174 313099132 32167200 32167201 1690224478 5436641520 6627292713 8383857857 543306610 543306703 25389175 25388526 243835633 12077464 650381331 686423199 1906863499 5651331035 1757032776 1757032772 1906863497 1757032729 1757032714 12483608194 12483608196 1757032658 1757032630 1906657785 1842592143 243845480 12013407889 315939594 650381853 32164674 12047632808 12047632809 12047632813,332538926 7244807551 88901537 92301123 92297743 88902006 88902788 1983906790 88903822 88903254 6640054562 13161585501 7855785373 5877130607 32544107 9873153153 32544102 5877143510 2622376189 313467629 5466745325 9873153149 301843150 301843114 4247126710 5883148220 4247126704 1117877207 4279586548 1117877218 299208414 6991898405 1850957575 369916869 1850957532 1850957493 1926870786 418844894 1117858184 1117858161 1117858176 1117858179 1117858165 655323912 32543881 305119821 5286887098 1259676860 2462250744 418844898 418844896 369918566 365271726 365271727 2462250743 655323910 418844899 253303213 32542716 32543276 32543275 32543245 32542579 12072911 12072804 301301821 8323563677 253047234 9976440454 4529725793 32541768 25248766 25248755 25248752 25248748 25248744 25248738 32541679 271198887 271198890 271198893 32541449 32541670 148848678 316986544 271199300 271199357 148848762 271199414 148848727 299390214 299390220 299390558 299390571 299390587 243510548 305577631 32540966 313929978 5291681586 5291668038 6918015598 418552432 5291668043 6773333495 27049508 5291635123 5291654438 5291654471 266739585 5291654475 7112711053 7112711056 7112656841 7112656840 316168106 243434883 243461323 5291697884 316168114 316168206 316168208 316168223 316168224 316168234 332199737 316168247 316168303 4079991567 316168304 316168307 2712126652 243461079 243461088 265571870 265573076 265573075 265573074 265573073 31457474 31457444 31457424 31457135 750717606 750630860 5973882897 2596356488 333469778 243796885 1263630907 316955350 316955026 5527137111 8449090869 3611904145 143676963 445282786 25389141 2669725316 6960116824 313099445 313099432 313099430 1438425002 1438424996 32167191 1690213048 313099290 313099125 313099126 1690220838 32167201 1690224478 1690227859 6127914966 414581691 414581677 25388998 25389148 25389186 25389187 994377424 994377430 25389188 25215240 25389152 243948637 243948638 8387220307 243948641 243948642 243948643 243950538 243948644 243948645 243950537 243948646 243948647 2809945845 962970861 25389162 1906863498 1842541480 1842541476 1842541478 10767799260 3295116085 32162250 32162249 6663179860 1842534356 5541556488 243833164 243833168 243833167 1842600942 243833161 243833162 243833163 32162247 4229960404 243831690 321926251 321926211 1842478776 1842478773 1842480331 1842484554 1932251848 1842484594 11990212912 11990212914 686423126 12047632809 12047632813,full,1813.7,5106.9
M11,multi_destination,2,2026-05-25T17:10:00,Mon 17:10,"Multinational Avenue (14.50008,120.99752)","Tahimik Street (14.60133,120.96593)","14.500075,120.997518","14.601331,120.965934",False,2340.0,iaco,0,0,0,"14.511945,120.995352 | 14.527334,120.993714 | 14.542753,120.991781 | 14.558836,120.987471 | 14.574243,120.980495 | 14.590710,120.971182",2580.0,"14.489745,120.993122 | 14.501447,120.992462 | 14.524982,120.997004 | 14.544411,120.991699 | 14.565613,120.986573 | 14.582596,120.974848",4020.0,12047632813 315729347 3295116129 3295116128 650381855 650381853 1842478773 1842478776 321926211 321926251 243831690 4229960404 32162247 243833164 5541556488 1842534356 6663179860 32162249 32162250 3295116085 10767799260 1842541478 1842541476 1842541480 1906863498 25389162 962970861 2809945845 243948647 243948646 418524520 7234391001 418524544 1690267951 1690267947 315909527 32166904 32166867 27499307 243946668 24915130 243947920 25430850 25430845 243955735 25389240 9854396126 25583932 21590507 8582855435 5459247157 26035320 1080149490 12067327 243452636 10740290021 1423836448 1685739477 12067330 6621954486 26032792 1685739482 25353083 21720771 5052421894 8661821982 416500390 26032783 243972325 6957116398 21721232 243973009 243973010 243973011 243973012 243973013 279672296 279672297 21720759 3202752604 3202651584 8366466913 8366466911 3202651574 12067342 3403138097 21590492 26030603 243974755 2018584651 26030584 6616025154 163741741 394290402 9791332750 5800062385 1214437728 1202535936 9893063667 9893063674 8661003177 9893063666 9893110376 1732972053 11152091615,12047632813 315729347 32164674 12047632808 686423129 1842484594 11990212912 320945164 8383758066 315726668 6168058529 315726674 8386117448 8386117449 632208260 715701928 715702574 715702735 715702797 312272411 5813898169 13601979123 312272503 9131496067 312272473 312272463 6631066414 5652729588 1843785537 243830668 312708047 243830682 32162230 7229519427 1845415971 32162236 243830698 243830695 1845413824 32164921 32164922 243831659 7231890293 661814044 7231890291 243831685 243833163 32162247 243833164 243833168 13165751147 5541556488 1842534356 6663179860 32162249 32162250 3295116085 10767799260 1842541478 1842541476 1842541480 1906863498 25389162 962970861 2809945845 243948647 243948646 243950537 243948645 243948644 243950538 243948643 243948642 243948641 8387220307 243948638 243948637 25389152 25215240 418604281 358874451 25389148 25389186 25389187 994377424 299927449 994377482 994377480 299926797 299926798 994377477 299925327 994377459 299927385 243950960 994377447 358873384 4977774969 25430851 25430849 25430847 25430844 25430835 25430846 25426153 24915143 8240131126 8539621248 25389521 25389522 1705549219 25430889 243955735 25389240 9854396126 9854396127 1420715799 24797584 24815566 25583936 8582855435 5459247157 26035320 1080149490 12067327 243452636 10740290021 1423836448 1685739477 243426945 12067330 6621954486 26032792 1685739482 25353083 21720771 5052421894 8661821982 21721223 21720762 4208711733 4208711732 416500361 33956125 1419178685 417741743 1302744521 21721235 21721234 33956371 6957116398 21721232 243973009 243973010 243973011 243973012 243973013 279672296 279672297 21720759 3202752604 3202651584 3199833787 4393408024 5829002202 243973244 3202651574 12067342 3403138097 21590492 26030603 243974755 2018584651 26030584 6616025154 163741741 394290402 9791332750 5800062385 1214437728 1202535936 9893063667 9893063674 8661003177 9893063666 9893110376 9893110377 1732972040 1732972053 11152091615,full,1484.5,3882.3
M12,multi_destination,1,2026-05-25T07:05:00,Mon 07:05,"Dublin Street (14.72773,121.00416)","Road № 3 (14.63058,120.97220)","14.727729,121.004161","14.630581,120.972203",False,2040.0,iaco,0,0,0,"14.717108,121.003876 | 14.705616,120.989509 | 14.696321,120.973035 | 14.684589,120.969660 | 14.653052,120.974767 | 14.645504,120.976305",3180.0,"14.715240,121.001560 | 14.696229,120.999287 | 14.675713,121.000430 | 14.667477,120.989856 | 14.654315,120.985358 | 14.643380,120.976897",3600.0,2461245160 312723230 312723231 312723373 312723369 312722937 312722936 5641806728 312256507 312724059 312256496 312257806 312726127 5641761759 4420362232 4420362223 317214908 8314362917 8314330339 312726211 506861339 5641781172 714833466 317207909 316414940 278111778 281239248 312725424 5822148774 312725580 8318949055 8318987503 32425384 6609907595 1826212264 720553100 6609274980 801606291 8606728319 32426485 434292320 434292319 434292318 301118899 32426480 301118127 301118374 347434810 5339455224 32426472 2565843637 2565843633 702381982 702381981 663126484 1342141343 32426468 1342141414 1342141398 311477335 506083518 3408129924 3408129934 3416032877 5535082487 5807940183 9394103109 6725455534 2731098291 6300737612 8655268113 4401993909 6313077329 6313077328 7483594405 10258165312 2620038864 2270172416 67777705 79631305 6639818556 13152084908 323115581 79631308 166051319 320509390 8382734124 320509382 320512653 6659890686 12057285248 8382730868 6659890688 2438324678 2438324677 1630865798 1630865801 134568332 1904024463 1904024460 1904024458 134266576 134568031 134569128 2438353346 257533621 257533619 257533618,2461245160 312723352 312723358 5641821393 312256526 312723363 312723368 312723231 312723373 312723369 312722937 312722936 5641806728 312256507 312724059 312256496 312257806 312726127 5641761759 4420362232 4420362223 317214908 8314362917 8314330339 312726211 506861339 5641781172 714833466 317207909 316414940 278111778 281239248 312725424 5822148774 312725580 8318949055 8318987503 32425384 6609907595 1826212264 720553100 6609274980 6609274979 720553058 832362202 5718300145 811021058 771346122 811021071 3212208244 1129127457 1927127057 1927127036 1341028586 166136065 320519785 301115713 1927126907 264478845 1349128618 301115717 31241777 301115715 264478840 301115548 264478835 301115519 264478827 251477891 301114767 251477905 166137822 166137823 12061536038 264478633 8318146408 8318146401 1776783089 8318181676 3403294165 1919714491 1776783028 35454934 35454853 35454852 264479483 264479484 264479481 264479499 35454800 1416949592 301115813 79626883 264479516 1416949590 593996972 79626943 79626404 6542426130 7961970627 7961970624 6542426129 320507945 320503420 320503858 320503278 323115591 320502906 320508414 320503966 320505730 320503427 67818619 31461855 166093191 67816731 67817449 67820523 67821620 67829330 67830039 67831081 67831096 67831106 67831635 67831658 166091513 2676575643 7142196856 12561240644 6302864799 6313077329 6313077328 3642653697 12561240643 7142196861 166091512 166090932 3642647563 10258165310 10258165312 2620038864 2270172416 67777705 79631305 6639818556 13152084908 323115581 79631308 166051319 320509390 8382734124 320509382 320512653 6659890686 12057285248 8382730868 6659890688 2438324678 8609492738 134568333 1904024461 244456526 244456529 244456530 244456593 244456531 244456532 244456536 244456527 244456517 244456516 244456514 244456492 79631312 134568774 1904024455 1904024452 1904024453 1904024454 1904024456 134266576 134568031 134569128 2438353346 257533621 257533619 257533618,full,2233.3,4013.5
M12,multi_destination,2,2026-05-25T07:05:00,Mon 07:05,"Road № 3 (14.63058,120.97220)","J. Figueras Street (14.60219,120.99289)","14.630581,120.972203","14.602192,120.992892",False,1380.0,iaco,0,0,0,"14.627441,120.975335 | 14.623451,120.977537 | 14.621867,120.982832 | 14.617108,120.985674 | 14.612898,120.989655 | 14.608011,120.993275",1620.0,"14.626696,120.973379 | 14.622984,120.978091 | 14.613884,120.976559 | 14.608186,120.976016 | 14.604975,120.977565 | 14.602618,120.986070",1860.0,257533618 257533619 134569737 2438353352 257533053 257533057 257533060 134567430 1904024450 1904024449 8383394000 1904024442 7487722594 7487722593 134565345 689573832 134252238 2270172355 134253938 56118772 134257957 134256896 134256095 552617121 67750944 68099823 67750976 191593540 191591209 191591897 67756013 67756012 26793860 9836456356 8657725918 104977276 104977299 223791088 104977302 104977320 104977296 104977293 339265255 1369587343 104977310 104977289 1918484862 59739550 191591928 111047883 1945451060 1945450994 113276757 29663305 111048095 11963410495 11963410490 8629601769,257533618 2438353356 134569737 2438353352 8383382533 8383382532 257533053 257533057 257533060 134567430 6342370971 257533777 79631314 6342370972 5552541289 689573831 689573832 134252238 2270172355 134253938 1904012208 134255284 56114965 1904012094 56113537 13242266606 25250117 1630895488 165752658 165752657 1732606021 667977113 1732606017 1732606018 9897293240 9897293241 667977122 1732605998 223790864 223783057 223791125 400755163 6636993465 161606749 161606592 7477909101 393563579 185351944 67751575 1278060380 168181145 223701822 990043651 410553785 410553412 8434658681 8434658679 1124260568 59739002 1869644923 29487752 68080230 33453037 68083549 223618645 29663307 6525656067 111049047 8629601769,full,746.0,616.1
M13,multi_destination,1,2026-05-25T07:50:00,Mon 07:50,"Andres Bonifacio Avenue (14.64390,120.99382)","Calderon Street (14.57996,121.01338)","14.643897,120.993824","14.579961,121.013384",False,1620.0,iaco,0,0,0,"14.633413,120.994760 | 14.622022,120.999667 | 14.612270,121.001194 | 14.601950,121.000064 | 14.592855,121.001864 | 14.584549,121.006362",2820.0,"14.631426,120.991598 | 14.622903,120.994129 | 14.612038,120.999901 | 14.602262,121.008394 | 14.596169,121.015366 | 14.590468,121.020852",2880.0,2503576995 2503576994 1908402166 505029318 67740463 43075764 67738325 1602112812 43077573 1408321531 1408321532 67734564 60448879 43093069 60448691 1166210690 43080694 56133292 43082811 43084132 43086339 79635407 79634401 43088580 30917456 2467369182 24654617 29670456 24651214 29670458 61090318 61090319 61090445 61090447 61090449 130167629 1599531303 322496979 322496980 322496984 61090936 11969946213 29663301 3164350486 104971140 130167662 130167666 130167665 130167663 73007813 113290207 73008537 79641844 73007812 113289301 73007810 1455687719 1455687713 73007809 29487858 1400836574 1335374143 7479524017 1335360167 1341970558 1944690565 1933348395 1400765382 243431551 26082709 12015446658 12015446656 12015446657 1599544690 252167092 79651435 79652208 79651689 79652992 252166913 252167049 299408984 252167075 252167064 252166929 11981592171 11981581666 11981581664 11981581662 11981581660 252167071 79647313 8311524858 8311427708 303691375 158223175 158223494 158223417 158223316 79659650 156723646 7828512559 156700036 156700063 156701565 156701601 156701207,2503576995 2503576994 1908402166 505029318 67740463 43075764 67738325 5401163525 67737935 67737566 2517507389 6814792649 1277947924 1277947928 1277947922 56130270 56130238 56130162 56130161 56130234 56130250 56130286 56130414 56136935 56130381 56130435 56130557 56130668 56130734 60447564 8257569197 60447174 251010113 60448276 56133521 60447567 60447575 60447173 60447227 60447113 60447112 60447039 1345725039 191592706 60447041 43084130 60447114 60446863 60446864 60446866 60446869 60446872 79641283 104969325 79639026 79639844 79639846 60447372 60724654 43095796 104973410 104973409 104970348 61090370 1599531289 26580591 73018649 26580592 104973035 9355059160 9355059204 11959207172 6141862085 6141858084 6141858083 371517972 5655937330 11963136286 61091676 617559628 2616880233 3736295069 3736295061 610445242 21458559 11976572093 21458435 5414733514 8255701012 248010201 457316266 25353393 25353426 262529789 261682833 261682012 261682015 261682021 261682023 262526524 2005871188 2005871195 266613245 6773495987 159117098 262525013 159117100 159117103 159117268 159116889 159116887 159117152 9944996383 266622236 96442154 5819850921 5819850919 11978672530 304907366 304907459 304907472 96442150 79656028 79655653 159122497 156700090 156701399 156701357 156701207,full,1764.0,2687.9
M13,multi_destination,2,2026-05-25T07:50:00,Mon 07:50,"Calderon Street (14.57996,121.01338)","Colonel R. Santos Street (14.55651,121.04902)","14.579961,121.013384","14.556514,121.049019",False,1380.0,iaco,0,0,0,"14.573734,121.016169 | 14.568572,121.018367 | 14.565821,121.025409 | 14.561260,121.028083 | 14.555220,121.034872 | 14.557265,121.042082",2460.0,"14.586103,121.020974 | 14.574413,121.026575 | 14.570405,121.038297 | 14.565638,121.045033 | 14.554904,121.034677 | 14.556367,121.036795",3480.0,156701207 156701166 156700831 156700644 3076152175 79661126 156671095 79661127 159123960 159124104 11948248599 159123792 79661128 7067395494 5835875699 304907133 5835875702 304907249 304907236 304907229 79661281 2355630737 79661282 159124928 2217960103 25583841 5509743782 159124664 32547188 304907038 32547187 25584076 313120256 32547189 313120301 25583965 304906826 225368211 225368051 25583964 8658441607 32546672 254034723 2259601177 246041083 254034507 246040815 254034674 25583966 204306599 254034721 371020316 6622257247 2139625531 371020103 21675200 318962945 2139625456 269469652 21675195 32546018 24080569 5286867479 1400573076 1437658429 3262823886 5286881251 313497625 313502570 383361276 313503107 301843166 3602068807 313501447 313500001 5602556320 2730839658 313505459 313503683 313507691 313504263,156701207 156701707 156701670 156701473 323061684 304907385 159122580 304907460 304907469 304907471 304907472 304907459 304907366 5819850920 321733495 321732791 159121906 159121915 9938667347 9938667345 6524230808 159121917 11995566956 320805971 159121919 6524230816 320425639 320425638 1924573613 159121929 292828743 292828805 242925046 25583985 25583986 25583881 5837315448 1278924698 394430785 394430482 237025389 237030042 476288609 242433677 242433674 242433678 242433641 242433639 242433638 242433637 3219806797 320129562 242433658 242433549 242433633 242433573 242433557 242433556 295660788 295660707 242433696 496084634 295660686 5289002939 5289002934 243508481 313463498 299385789 313873068 313456693 8926126859 313873154 313493538 5286867449 225197616 313926476 313926605 3775184570 313870591 316969133 24077626 24078211 12029158381 313872522 313474007 313474006 313474005 8332916072 313474003 313474002 8323780056 6397720983 313497998 3262823879 313499585 313499584 313499457 313499458 313499459 313499460 313499223 313500001 5602556320 2730839658 313505459 313503683 313507691 313504263,full,1025.4,2871.9
M14,multi_destination,1,2026-05-25T17:10:00,Mon 17:10,"General Lukban Street (14.63067,120.97337)","8th Avenue (14.64874,120.98448)","14.630668,120.973367","14.648737,120.984483",False,840.0,iaco,0,0,0,"14.632581,120.976012 | 14.632334,120.979352 | 14.634265,120.981524 | 14.637460,120.983042 | 14.641765,120.983533 | 14.645751,120.983662",1080.0,"14.632581,120.976012 | 14.632334,120.979352 | 14.635574,120.981114 | 14.640055,120.981208 | 14.643223,120.981306 | 14.647411,120.982179",1380.0,257533053 257533057 257533060 244092928 134568808 244456498 244456513 79631312 244456492 134266572 243464002 134261570 134262799 134264268 134265916 67750934 67743604 1075155837 8366261119 72319625 6261926630 67778953 31461836 31461837 31461838 61719022 320509042 320509045 67816227 320506137 67818616 67818617,257533053 244092926 1904024453 1904024452 1904024455 134568774 79631312 244456492 134266572 243464002 134261570 134262799 134265546 1657411492 225941642 225941641 225941639 67829321 243463977 243486309 243486058 243486114 67829362 67829323 67829325 67829371 67821616 3121888569 67821617 67821618 67820522 67815692 67815693 31461853 67818617,full,470.9,959.1
M14,multi_destination,2,2026-05-25T17:10:00,Mon 17:10,"8th Avenue (14.64874,120.98448)","Rosewood Street (14.74089,121.03981)","14.648737,120.984483","14.740888,121.039806",False,4620.0,iaco,0,0,0,"14.652330,120.997463 | 14.668404,121.008825 | 14.682559,121.020957 | 14.698257,121.033528 | 14.716228,121.040412 | 14.730834,121.045679",4800.0,"14.659678,120.996296 | 14.682961,121.000370 | 14.702058,121.000034 | 14.707083,121.013626 | 14.721115,121.029571 | 14.729453,121.041938",6600.0,67818617 67819448 88765415 88764180 243461625 88764641 255047919 255048071 88763215 88763216 320506019 320508375 320503126 320506081 320508124 320506512 67815697 8301369364 498671947 962803644 498671934 11896049286 5555354118 6541384873 43077594 12057689875 35453764 5401226989 26504625 1489439082 8313760585 824321806 1148321374 26504493 1323146858 1327337479 26504597 8480873896 12086048556 928665271 1327026327 251082873 928665225 1327328257 5337102248 1327026328 1348888596 928665233 5337102301 1333640594 928665268 928665299 12085967693 12085967694 311733953 9788850216 8740101846 612918165 1338047477 250543841 311733853 8349434254 5870290011 616552543 616552540 1333640611 311733809 7556408810 250544720 1323448476 250546982 250544641 12083435947 12083435944 250544038 2446633273 1337860943 2560837068 1354391763 1797775936 7041200008 7041200005 10052765810 1333640580 9941573840 9941573842 260901766 314208760 9974001368 6123488349 8367008725 12074242108 260901837 148904506 502956581 251108645 260899233 260900333 148905131 5647931008 260898270 8631620856 260897272 591608920 260897089 260899603 260897301 260899909 260895764 260897838 260899889 260899737 148905134 260897189 260896307 260898495 260740442 309625338 260740473 260740462 32425350 599621306 260740558 32425348 260896974 12075479044 2140942674 1704239655 911527341 911527342 8077109183 32425340 12075935217 12075935215 256214563 256214501 260903624 5828730006 260903256 260903258 260903294 260903278 260903271 260903269 260903260 260903218 260903407 260903327 260903316 260903314 1075301526 1075301522 314203338 314203349 314203280,67818617 67818618 67819449 67819452 88765084 320508602 88764183 243461622 320503242 225921555 320506368 320512613 323115594 320512612 243462765 88764198 10747679665 10749679500 10749679501 10817199994 35454848 35454985 264479497 264479474 264479486 35454937 35454935 35454787 35454401 264478796 35454359 35454343 35454330 35454309 35454292 35454275 35454777 35454778 35454779 35454780 35454525 35455220 1349138798 1349138813 1349138809 1349138807 35455221 324582371 166136070 166136068 264478847 264479472 1349122635 1349128612 1349128599 1349128618 264478845 1927126907 1927126908 320519785 166136065 1341028586 1927127036 8313917835 6657491894 1341017804 320512261 320512238 320512223 320512184 1341028587 320512211 321410524 258050048 506461279 506461282 258050056 506460462 5716374326 5716374327 5718384693 581016495 506463346 506462727 506467022 258050078 321410685 506467043 10199085291 506468774 506468376 506464094 258050088 506469752 506470698 258050102 5473545098 8314174711 506456758 258050110 5473545063 258050256 258050259 258050261 8318576113 5837485245 1389049384 312359042 9755261157 312359045 434288254 312359062 312359071 506870008 312359077 506870476 5641719662 312359080 312359085 312359094 4012596145 312726913 312726644 4012596094 5473259175 8314048759 5831190421 4012596153 4012596155 5695470048 5695470053 5695470040 12072372025 8442242332 9495793486 316414317 312726469 309618106 312726436 309617565 5646911807 312719760 599583975 614524044 5817156714 313283399 8314110425 260905401 312721248 312721200 32425361 312719839 6608967030 260899695 260904951 260897357 260905064 260905058 260905060 260904960 260904953 32425357 260896104 260740483 11563476531 11563476524 260740484 260740494 260740492 260740496 260740491 1069626476 260740481 309616965 1333677504 5633396043 260897476 260898636 260898849 260897111 260898542 260895831 260897879 260895811 260899328 260904505 260895766 260898558 260895849 260898664 260896870 260896072 260898252 260896475 260899427 260899022 12075479043 260896974 12075479044 2140942674 1704239655 911527341 911527342 8077109183 32425340 12075935217 12075935215 256214563 256214501 260903624 5828730006 260903256 260903258 260903586 260903589 11502428786 260903578 260903580 260903582 260903558 260903290 260903273 260903267 260903218 260903254 260903460 260903455 260903473 260903485 260903479 260903477 260903451 260903487 260903499 260903453 260903325 260903327 266583897 260903387 260903362 260903356 260903343 260903316 260903314 1075301526 1075301522 314203338 314203349 314203280,full,2291.8,6013.9
M15,multi_destination,1,2026-05-25T17:30:00,Mon 17:30,"Adordionicio Street (14.76961,121.05531)","Riverside Street (14.70899,121.01858)","14.769615,121.055311","14.708993,121.018576",False,2940.0,iaco,0,0,0,"14.758707,121.053088 | 14.756051,121.043468 | 14.745871,121.035612 | 14.734643,121.033354 | 14.726638,121.026629 | 14.718061,121.022231",3240.0,"14.758146,121.055426 | 14.745130,121.053660 | 14.739173,121.061583 | 14.732323,121.049658 | 14.721850,121.039899 | 14.719216,121.024196",3660.0,320184209 8313748917 8313743716 320184144 320184192 317200214 10653160056 320184296 299691817 8314432286 317206941 309811692 317211006 309811697 5139621003 309811689 127531552 309811704 301034448 301034619 309811661 301034574 9994128369 3758758118 1646824949 12075579069 301034497 12097524222 8628898136 5172242627 314200864 5821659063 10203307763 309626994 5613728163 10838650734 5777707673 309626991 309626861 309626907 309628429 5535086207 10901107958 310376851 12073937880 12097746063 310376726 310376372 8655727636 310376503 8716548040 5528565609 5528502164 301546082 301546075 314203094 301034458 13103495340 301034459 8720803367 5533942072 301034463 309625090 260740436 309625115 260903954 11541980163 11541980161 260904539 260904541 260904592 1420876411 260904582 260904661 11491202030 11491202031 5415513846 260905208 260905201 260904692 11491245840 11491245839 260904696 260904714 260904776 260905115 260905126 1066469062 260905098 260905082 260905084 260905076 1066110078 260905414 260905419 5643290213 260905401 8314110425 313283399 316414237 614524027 1423917076 1423917074 5646920541 5646920543 5646920542 260901129 251107938 251107914 313283627 5345211763 12073868025 5345208940,320184209 8313748917 8313743716 320184144 320184192 317200214 10653160056 320184296 299691817 8314432286 317206941 309811692 317211006 309811697 4428353057 317215219 317209229 317217027 317216074 309811711 1886563287 317201245 8314424737 309811699 309811705 309811702 309811703 301034420 301034670 301034417 301034621 301034389 310366488 1646601262 1646601266 1646601260 310365886 310366389 1648217395 9094272701 310365705 25629698 25629706 1646616833 1646608442 1646608446 256213854 127527601 317210342 127527596 256213846 256213912 127530050 127530048 256214091 256214108 256214107 25629724 3922129636 9932640358 25629740 31393667 11454312135 243672102 1324455825 8723530092 260904405 11545406859 1060913988 32425339 256214377 32425340 8077109183 911527342 911527341 1704239655 2140942674 12075479044 260896974 32425348 260740558 599621306 32425350 260740462 8661054620 8661054619 5634814422 32425354 260896220 32425355 260740502 260740483 260896104 32425357 260904953 260905062 260905064 260897357 260904951 260899695 6608967030 8344431700 6880513037 312719839 32425361 312721200 312721248 260905401 8314110425 313283399 5817156714 614524044 316414237 614524027 1423917076 1423917074 5646920541 5646920543 5646920542 260901129 251107938 260900996 260900994 260900991 251107914 313283627 5345211763 12073868025 5345208940,full,2041.8,3022.8
M15,multi_destination,2,2026-05-25T17:30:00,Mon 17:30,"Riverside Street (14.70899,121.01858)","Gemini Street (14.74462,121.03246)","14.708993,121.018576","14.744621,121.032458",False,1860.0,iaco,0,0,0,"14.714003,121.020798 | 14.719328,121.023242 | 14.724394,121.027051 | 14.727540,121.029897 | 14.731791,121.032171 | 14.738017,121.032447",1920.0,"14.714003,121.020798 | 14.720487,121.018173 | 14.727230,121.019284 | 14.734215,121.020140 | 14.740095,121.025749 | 14.738908,121.030844",2040.0,5345208940 12073868025 5345211763 313283627 251107914 251107938 260901129 5646920542 5646920544 1626744472 1423917076 614524027 316414237 313283399 8314110425 260905401 5643290213 260905419 260905414 1066110078 260905076 260905084 260905082 260905098 1066469062 260905126 260905115 260904776 260904714 260904696 11491245839 11491245840 260904692 260905201 260905208 5415513846 11491202031 11491202030 260904661 260904582 1420876411 260904592 260904541 260904539 11541980161 11541980163 260903954 309625115 260740436 309625090 301034463 5533942072 8720803367 301034459 13103495340 301034458 314203094 301546075 301546084 301546097 301546096,5345208940 12073868025 5345211763 313283627 251107914 251107938 260901129 5646920542 5646920544 1626744472 1423917076 5646920561 5646920568 6609043602 6609043603 599583971 599583975 312719760 5646911807 309617565 312726436 309618106 8317725696 309618008 309618224 309617445 309618027 309623012 5530909331 309619425 309620963 5528750520 309618034 312721501 309618036 309618039 309618041 6657331603 6657331607 309623734 5528474875 5528474876 309618050 309810024 309624090 301034467 5528669448 309624088 309623790 4817186181 309624052 309624049 309624043 309624037 309624007 309623791 309624089 309623528 317200908 309624146 5533942097 5533942098 301034459 13103495340 301034458 314203094 301546075 301546084 301546097 301546096,full,1325.8,1667.3
M16,multi_destination,1,2026-05-25T17:30:00,Mon 17:30,"Amorsolo Street (14.55155,121.01550)","Makatarungan Street (14.64558,121.04806)","14.551547,121.015495","14.645577,121.048055",False,4380.0,iaco,0,0,0,"14.565965,121.012541 | 14.581093,121.015705 | 14.592237,121.026125 | 14.603358,121.036834 | 14.614985,121.046939 | 14.628555,121.047031",5100.0,"14.570383,121.015733 | 14.575343,121.016827 | 14.592786,121.023799 | 14.612786,121.038415 | 14.617976,121.051603 | 14.646120,121.040919",5880.0,5291714839 313868252 313868365 2299216968 27049507 178165092 8605819617 21674123 709288121 43711918 8606357563 25584096 25584093 25584090 25584088 25584085 2159444673 139060573 139060830 139061642 139061859 139062719 139063096 159124180 159124107 32547188 159124664 5509743782 25583841 2217960103 6317768187 262621793 1137625474 5835875703 5835875701 5835875700 7067372781 79661369 3378037210 159123818 159123713 159123712 159123711 5472574841 323061685 156701641 323061684 304907385 159122580 304907460 3077651937 304907459 304907366 5819850920 5819850921 96442154 5819646900 1859742277 8609446006 159117619 321734657 159120825 8574313981 8574313982 321734291 321734966 61678789 266582581 1637353076 266583888 259749895 257701090 1637353144 1684270636 1637353153 266582681 1637353162 255177008 255178014 360804729 9844755257 360804733 360800819 360800820 1684194185 257007397 1684194198 1684194207 257908889 21458474 61091954 247889502 247889420 11510389761 8577445284 1211639129 1444091674 61092188 1444105965 5457413615 5512743456 831025862 247895576 61092089 10300414303 246782266 246782954 48750118 48749880 48750368 48750365 12029548771 78041136 8678508672 12606354254 523958868 33471553 523962960 523961397 973541489 957845503 512091457 24079238 5472104745 1497962778 24081972 224865393 191593322 26832095 245864761 8671416564 8671416563 8671416565 249226694 249226705 8427538839,5291714839 313868252 313868365 12018674547 12018674546 21630148 10703092184 2299217001 283018825 316971726 3719960025 178159466 3719960035 1441710034 1441710043 178159717 3720709405 254034912 5472218482 25583961 25583825 6647259035 204265295 25584095 5489324340 21674223 25584075 253185052 206409424 25583965 159124597 313120300 262621888 262621889 25584078 313119358 159124649 262621890 262621891 262621913 262621912 262621911 25583878 304907038 32547187 159124647 313120257 313120256 32547189 25584082 159124314 25583927 253187668 25583916 25583871 2159444673 139060573 253185702 253185703 253185850 253185851 12156973151 139062720 139063097 139065607 159124128 2217951359 32547207 320415813 79660152 2355630770 156670624 1671447947 156671009 156671434 156671397 156671095 156671113 313122556 79661127 159123960 225277878 11948248600 11948248599 159123792 79661128 7067395494 7067372781 79661369 6609969991 6609969989 2681666135 3378037209 6609969990 6609969992 3378037210 159123818 159123713 159123712 159123711 5472574841 323060957 79660961 323061685 156701641 323061684 304907385 159122580 304907460 304907469 304907471 304907472 304907459 304907366 5819850920 5819850921 96442154 266622236 9944996382 159117098 262525013 159117149 159117205 159117103 159117100 159117152 159116887 261684868 266622243 261738772 261738044 261741416 266620670 6975585162 8574313981 26365530 8574313982 321734921 321734962 321734291 321734966 61678789 266582581 1637353076 266583888 259749895 257701090 1637353144 1684270636 1637353153 266582681 1637353162 255177008 255178014 360804729 9844755257 360804733 360800819 360800820 1684194185 257007397 1684194198 1684194207 257908889 21458474 61091954 247889502 247889420 11510389761 8577445284 1211639129 1444091674 61092188 1444091675 7011602391 325071534 8647421734 61652316 247889407 40835995 25629704 40834830 247895600 246782967 246783139 246783729 246782897 246784379 246784204 246782579 246784444 247895486 5457452443 247895565 5512743462 5512743456 831025862 247895576 61092089 10300414303 246782266 10300414302 246783103 246781940 246782588 246783221 246781623 246782500 246782083 246781022 246784244 5427060858 48750125 246783963 48750120 5427060850 246782596 246782770 48750118 48750114 48749882 48750113 48750401 246783235 5731638965 5731638971 2397945844 720696446 720702081 679547473 2370264844 33471553 523962960 523961397 973541489 957845503 512091457 24079238 5472104745 1497962778 24081972 243461145 12132580801 224865426 3666796561 5472105348 681146586 249226767 4879643711 697207117 246783821 12144457282 12144457280 12144457283 5393303817 9858631082 764098856 11607504730 5432562509 5432562511 9837302594 21834569 5404836122 5404836121 5286064501 12468196701 315795077 1609936233 9994744538 5292875721 5286795628 13088466377 5286795634 9749901058 12247313845 8427516624 29583478 5397797589 32476396 3598239142 5397797590 3598239136 1316914044 32476423 32476246 32476409 344393653 767059638 767059625 26504623 246782538 26831985 245864747 249226697 26831941 747150841 249226694 249226705 8427538839,full,2225.2,4657.3
M16,multi_destination,2,2026-05-25T17:30:00,Mon 17:30,"Makatarungan Street (14.64558,121.04806)","San Guillermo Avenue (14.55432,121.06694)","14.645577,121.048055","14.554322,121.066939",False,3420.0,iaco,0,0,0,"14.636169,121.054570 | 14.623356,121.053862 | 14.609081,121.055744 | 14.596541,121.059442 | 14.578615,121.063746 | 14.564475,121.069680",4620.0,"14.635750,121.059038 | 14.623818,121.074230 | 14.618788,121.078475 | 14.618826,121.081908 | 14.593326,121.087395 | 14.563259,121.075982",6240.0,8427538839 249226705 246784858 5404836121 5286064501 12468196701 315795077 1609936233 246782803 1316913983 26504623 6328480697 246783222 26082642 26082626 26832002 219725819 25629548 32285101 25629539 31241785 31877925 348033421 32090993 32090992 193586331 193586343 32285039 32285166 193586368 203262523 203262534 8437170694 203262564 203262589 32285111 523962960 29523876 523958868 2370264845 12606354248 7418236940 8657082065 246783235 5731638965 973552665 973552605 333524088 88787349 2467729098 5286171962 61679564 68901115 88771457 5285161657 5285161656 321552609 252179149 252178920 5816930459 88772529 321552786 285739188 747614448 6630677248 3355389639 3355389640 13265140492 88796718 6630531560 3349398878 92310247 88796723 1451397475 11590984045 1548250308 1548250282 1548250240 1548250080 369666667 1548249817 1548249798 88910858 567865139 266615596 266615591 266615589 454740145 88913693 8484772220 8313879813 328294653 1458392010 32544175 299177280 299179105 299177170 32544174,8427538839 249226705 246784858 5404836121 5286064501 12468196701 315795077 1609936233 246782803 1316913983 26504623 6328480697 246783222 26082642 767059712 767059683 215014275 215014274 32476274 245864671 245864605 245864632 245864687 219734585 26831993 219732125 245864701 219732126 219732483 219732484 1233506764 215003060 246782531 246783941 6622140393 25629569 246782510 246782520 246782753 206873938 6622140390 6622140388 605288600 605288596 25629578 32087315 25629540 25629551 32618855 25629582 25783681 30917449 344393657 32519077 32519125 32518966 32519175 2616024491 26365520 25007657 26272868 78038857 13166806412 5064338396 8666964217 26272655 29500569 12029284636 288063299 288063300 832676077 33471558 12744335675 590282957 32619010 2074453488 1162946013 1162946012 5513651851 5513651850 5868170508 21458570 174587525 5868170520 1162946171 7016074499 25008153 9917009351 92282173 92282953 92282883 92282374 174589066 92282381 92282957 92282432 92282434 92283468 681110082 9979045752 21739070 5512764926 303915927 1162946139 5873123692 321313925 321313928 303915899 5870211221 5870211220 9761017649 323089710 8604759981 8382978353 323089719 323089707 323089630 335322432 323089643 323089663 323089708 8601238467 33681088 33681087 33681086 33681073 33681076 26365604 1441873839 33681089 33681085 33681101 33681098 8601238468 8383288209 26365561 26365585 11988972027 26365622 26365738 26365644 224873255 296286126 8553294397 4457331009 296286129 296286130 78040923 31241743 312916316 32121033 312916315 5409650687 31241717 11197871464 165977953 7521410563 8606134608 8606134611 7514753939 2322891840 31241693 7514174473 332367081 32208149 7514753933 7881124297 8634416248 7514753951 332372271 5374261628 8598984150 31241773 7881124293 31241731 51979960 174595346 174600839 32476288 8627337941 8627337943 931417003 252057675 332381425 11374093777 5620936916 1298258740 11297456532 8598095314 123475123 332381412 11297413327 11297413328 369118790 5324932044 332381390 369118192 6676034492 32476315 6676053386 332342308 32476241 92318470 358228000 5324908575 293170869 4242616514 32476390 4503715422 123437780 6618679495 1377241008 32476424 32476412 6618656318 11702992201 1080174777 1080172105 32476413 1080172050 6660742327 32476341 1099259578 32476314 332342364 32476363 88921544 32476402 32476226 32476414 1329260244 32476235 88914963 32476403 1772490302 88914966 8318368678 88914097 9789090189 88913693 9789090186 1080527770 2461160664 1080527773 3750086274 1080527771 2461160662 3750086282 8317601058 32544862 6627332921 32544861 1840961306 1840961304 88917477 123423282 1227749932 1227749922 1227749923 3501051875 3501052525 8317641955 3501052585 299179831 3305144083 299176963 32544174,full,2082.6,5820.8
M17,multi_destination,1,2026-05-25T17:55:00,Mon 17:55,"Aurora Boulevard (14.62147,121.05000)","Alfonso Sandoval Avenue (14.54449,121.10492)","14.621471,121.050003","14.544488,121.104922",False,3780.0,iaco,0,0,0,"14.606256,121.057054 | 14.590582,121.061528 | 14.577090,121.065810 | 14.566307,121.071328 | 14.563811,121.084940 | 14.555655,121.097554",4140.0,"14.597583,121.059574 | 14.582575,121.048718 | 14.567825,121.046513 | 14.556485,121.065309 | 14.550882,121.078895 | 14.557757,121.095636",5340.0,523958868 2370264845 12606354248 7418236940 8657082065 246783235 5731638965 973552665 973552605 333524088 88787349 2467729098 5286171962 61679564 68901115 88771457 5285161657 5285161656 321552609 252179149 252178920 5816930459 88772529 321552786 285739188 747614448 6630677248 3355389639 3355389640 13265140492 88796718 6630531560 3349398878 92310247 88796723 1451397475 11590984045 1548250308 1548250282 1548250240 1548250182 369666671 1548250104 2580440115 224925177 8336573402 253300144 7190426389 617520259 88921538 88921544 32476402 32476226 32476224 1849111128 88916627 88915659 88915669 332380502 6618535784 6618557985 88918768 8268462749 309587203 332378071 309589686 332378064 332378150 309587872 332378719 332378935 6060045925 2815728315 313848469 309585779 2461160657 6660684503 2934789425 1300535976 1300528606 1300535924 12032024859 1300528477 309585785 1300528460 1300528691 1300528482 309585786 1300525286 309585836 8305044508,523958868 2370264845 12606354248 7418236940 5544309389 8657082065 246783235 5731638965 973552665 973552605 333524088 88787349 2467729098 88788228 61679340 88788259 1615251678 258776872 496095907 12006737692 5412399404 5412399406 5286171962 61679564 68901115 68902573 88771457 5285161657 5285161656 5288982109 5286257621 321553342 12067613 8459730704 186466037 8459730699 1595999406 1595999441 12046183991 331134095 21717866 6618798306 746050638 746050650 746050629 392324840 31241737 31241695 31241688 31241715 31241755 334410588 962953430 242433615 237016137 340650955 12067627 242433691 242433692 295660707 242433696 496084634 295660686 5289002939 5289002934 299386589 32546623 242434204 303915907 2337738049 2337738048 313459909 9832261570 9421719558 313514846 242434215 5602512091 313679817 313679524 313676136 313676198 1952485206 313676445 313676855 313676826 313676956 313677163 313677175 313677257 313677550 242434225 313681164 313681074 313688531 8384507334 313688559 242434233 318854835 9834855476 318855781 318856893 318856627 318856628 318856897 318857044 318858185 8313778368 318859002 318859008 6622879732 242434202 318862596 318862595 6622879721 299176963 3305144083 8311978171 8311978165 299179831 1458392013 328294653 1458392010 32544175 501603958 299177269 299178834 501603404 501603402 7987655932 1330445807 1108796258 328250758 501603202 501603199 501603256 32544871 330435384 32544870 32544185 7189395472 7189399887 9718330160 5321716741 309583463 1329493160 8310707077 32544192 7189399940 6660609861 6660609849 1227756730 458916065 1227756732 32544375 123423981 32544372 332377722 1157176200 8314033085 3627151939 9791549832 8313998207 9791549827 332380492 1157176169 332380391 8313410292 8318764622 8313410293 2013110071 2013110064 8302827911 8313588817 5323135311 88918236 225009790 88918238 332378178 88918240 88918242 8302136696 5583583782 309587872 332378719 332378935 6060045925 2815728315 313848469 309585779 2461160657 6660684503 2934789425 1300535976 1300528606 1300535924 12032024859 1300528477 309585785 1300528460 1300528691 1300528482 1300528597 8701212279 1954056631 1954056633 1300528499 1954056624 1954056630 1954056632 8386453749 8386453750 8386453751 8386453752 8386453753 8386453754 1300528695 1300528461 1300528653 1300528593 1902311862 1300528615 1300528470 1300528551 306334260 1300525085 1300528601 1300528515 8305044508,full,2002.8,4413.2
M17,multi_destination,2,2026-05-25T17:55:00,Mon 17:55,"Alfonso Sandoval Avenue (14.54449,121.10492)","EDSA (14.62878,121.04665)","14.544488,121.104922","14.628785,121.046652",False,4020.0,iaco,0,0,0,"14.556705,121.097223 | 14.568226,121.086566 | 14.577423,121.073408 | 14.584945,121.063896 | 14.601315,121.059489 | 14.616777,121.052488",2580.0,"14.564497,121.090608 | 14.570605,121.077052 | 14.586714,121.079205 | 14.571483,121.071432 | 14.588901,121.063854 | 14.604707,121.058032",3300.0,8305044508 309585836 1300525286 309585786 1300528482 1300528691 1300528460 309585785 1300528477 12032024859 1300535924 1300528606 1300535976 2934789425 6660684503 2461160657 309585779 313848469 2815728315 6060045925 332378935 332378719 309587872 332378150 332378064 309589686 332378071 309587203 6082545701 2461168410 123486454 332380334 332380389 6618805227 1849111140 123486461 6618805199 1971004328 2461168478 8258275404 8336573401 332380801 1080174850 1080174777 11702992201 6618656318 4347479379 8727029700 5499580690 5499580689 9974280353 5499580688 6630529431 6630529427 5499580696 5499580692 8371859417 9856645453 92306916 92306924 92306911 92306555 92147801 88798365 1341832139 88799431 12009859868 95512170 285739191 92142494 88795618 88795399 21739037 252177228 11572034794 266640072 338597228 5286225361 24078516 1249662120 5729568362 5290876970 24081110 9851528696 298963478 324228757 6627663680 345573382 9851595386 12006737691 60171014 258776816 1615251652 60093318 345573456 504009072 333524170 2886434136 12026915271 973552682 5731638971 2397945844 720696446 720702081 679547473 2370264844 33471553 523962960 523961397 973541489 957845503 512091457 24079238 5472104745 24078839 1377334723 305099887,8305044508 309585836 1300525286 309585786 1300525234 8305210779 1300528597 1300528482 1300528691 1300528460 309585785 1300528477 12032024859 1300535924 1300528606 1300535976 2934789425 6660684503 2461160657 309585779 313848469 2815728315 6060045925 332378935 332378719 309587872 332378150 332378064 309589686 332378071 309587203 6082545701 2461168410 9793343190 2461168401 332380381 1157176164 1157176075 332380346 1157176091 332380351 8313568005 88916639 10786931079 6618805215 12015145171 6618805210 6618805227 1849111140 12015145170 123486461 6618805199 1971004328 6618805223 1970997777 1971015927 1970997769 1970997757 1340926763 88916627 123420915 7700852512 6773499491 1080166842 332342365 332342363 332342364 32476314 1099259578 32476341 6660742327 1080172050 32476413 1080172105 1080174777 11702992201 6618656318 32476412 32476424 1377241008 6618679495 123437780 4503715422 32476390 204901697 92315778 321707656 9412529078 321707634 252179813 33626193 21834439 252179812 9412529073 321711613 11970544764 11970544763 11970544760 255690964 259660931 8566272179 21739184 321707722 259660789 255690965 259660407 12009867679 259660421 88792340 6630620062 6630620063 92146510 88792543 9894355263 298973487 298973527 298973808 11999190558 5412349558 298974050 330242083 330242047 321708285 5499580690 25004552 8609608792 92146923 8566272196 11927159856 92147282 92309617 92147288 92309622 92309260 92309027 92309026 92308783 92308794 92308134 1908082667 88798217 747620961 747620957 88795622 5715690590 285739191 92142494 88795618 88795399 21739037 252177228 11572034794 11572034796 9987399712 96345679 87638041 87638703 87638705 87638816 5458758408 87634168 87634378 203263429 87635423 87635289 87634035 87635316 87634036 12029913870 649988336 9939045349 5458758414 6583138610 8637172117 1536089145 12029913876 9851528696 298963478 324228757 6627663680 345573382 345573456 504009072 333524170 2886434136 12026915271 973552682 5731638971 2397945844 720696446 720702081 679547473 2370264844 33471553 523962960 523961397 973541489 957845503 512091457 24079238 5472104745 24078839 1377334723 305099887,full,2118.1,5304.3
M18,multi_destination,1,2026-05-25T07:05:00,Mon 07:05,"Sampaguita Street (14.65034,120.99344)","Belfast Avenue (14.72879,121.05656)","14.650337,120.993443","14.728788,121.056557",False,2640.0,iaco,0,0,0,"14.657183,121.000277 | 14.671323,121.011522 | 14.685205,121.023672 | 14.699625,121.034304 | 14.716228,121.040412 | 14.730107,121.044209",2700.0,"14.675410,121.000603 | 14.693327,121.018054 | 14.707083,121.013626 | 14.719342,121.009298 | 14.727664,121.030794 | 14.729276,121.042075",3780.0,320502619 320502970 320505910 320503290 243485773 225927189 225923221 323098339 225923768 225928062 225928016 243462730 243462752 243462753 243462754 88765810 264479650 35454011 13955153121 1345741955 5401227141 35453764 5401226989 26504625 1489439082 8313760585 824321806 1148321374 26504493 1323146858 1327337479 26504597 8480873896 12086048556 928665271 1327026327 251082873 928665225 1327328257 5337102248 1327026328 1348888596 928665233 5337102301 1333640594 928665268 928665299 12085967693 12085967694 311733953 9788850216 8740101846 612918165 1338047477 250543841 311733853 8349434254 5870290011 616552543 616552540 1333640611 311733809 7556408810 250544720 1323448476 250546982 250544641 12083435947 12083435944 250544038 2446633273 1337860943 2560837068 1354391763 1797775936 7041200008 7041200005 10052765810 1333640580 9941573840 9941573842 260901766 314208760 9974001368 6123488349 8367008725 12074242108 260901837 148904506 502956581 251108645 260899233 260900333 148905131 5647931008 260898270 8631620856 260897272 591608920 260897089 260899603 260897301 260899909 260895764 260897838 260899889 260899737 148905134 260897189 260896307 260898495 260740442 309625338 260740473 260740462 32425350 599621306 260740558 32425348 260896974 12075479044 2140942674 1704239655 911527341 911527342 8077109183 32425340 256214377 32425339 1060913988 11545406859 260904405 8723530092 1324455825 243672102 11454312135 31393674 31393720 251623501 1688073686 251623889 281360202 1688073663 5223242990,320502619 320502970 320505910 320503290 320507968 320507517 320502813 88764873 3314311068 1657379819 225922660 1408318589 962803644 498671934 11896049286 5555354118 6541384873 6116862922 1345741948 7729738721 12057689876 12057689875 35453764 5401226989 5401225630 1445463338 7961437449 1081489127 9718451119 379019484 5720654258 379019493 2349061411 798147482 798147537 771346272 771346088 614537554 506453425 614537555 614537559 35729481 35729484 506451890 5345286212 314211169 312727124 506452060 506452233 506452610 5473362656 506452601 506452558 506452553 5473259173 8317636723 312726922 9959587007 312727118 9959587006 1797789126 5473401198 5473401199 5473259175 8314048759 8314048760 4012596145 312726913 312726644 1886749112 312726825 312726823 312359094 312359085 506869573 12075452377 5831187168 506861764 506861771 506861625 506861623 506861630 506861633 5819738891 8320713899 5819738885 316415021 312255366 8442242331 8442242332 9495793486 316414317 312726469 309618106 312726436 309617565 5646911807 312719760 599583975 614524044 5817156714 313283399 8314110425 260905401 312721248 312721200 32425361 312719839 6608967030 8344431700 11542562331 5643305474 5643305484 312720304 312720825 312720746 312720772 312720060 312720253 312720145 312720143 312720204 260905066 1066110078 260905076 260905084 260905082 260905098 1066469062 260905126 260905115 260904776 260904714 260904819 260904817 260904821 260904765 260904750 260904744 260904825 260904823 5346233330 5346233333 5346233336 5346233329 5346233328 260740489 260740491 1069626476 260740481 309616965 1333677504 5633396043 260897476 260899303 260897111 260898849 260898636 260904532 260904535 260903891 12083554087 260903871 260903841 5530804608 260903893 260903908 260903906 260903924 260903859 260903886 260903877 266620689 260897221 260896434 260898664 260895849 260898252 260896072 260899022 12075479043 260896974 12075479044 2140942674 1704239655 911527341 911527342 8077109183 32425340 256214377 32425339 1060913988 11545406859 260904405 8723530092 1324455825 11539064423 11539064424 1319737660 5625254537 5625254531 8359392738 8359392737 1319737664 1319737673 1319737669 1319737626 1319737640 1319737641 1688073745 1988388095 9987705042 9932640358 25629740 31393667 31393674 31393720 251623501 1688073686 251623889 281360202 1688073663 5223242990,full,1896.3,5477.2
M18,multi_destination,2,2026-05-25T07:05:00,Mon 07:05,"Belfast Avenue (14.72879,121.05656)","Visayas Avenue Extension (14.68595,121.05100)","14.728788,121.056557","14.685946,121.051001",False,3420.0,iaco,0,0,0,"14.721258,121.052124 | 14.712812,121.055724 | 14.704080,121.055872 | 14.696803,121.059881 | 14.689514,121.056336 | 14.683919,121.046868",3180.0,"14.718946,121.054012 | 14.708530,121.062645 | 14.703416,121.058449 | 14.693417,121.056485 | 14.686740,121.050833 | 14.685967,121.048202",3720.0,5223242990 1688073659 251624035 251621445 31393682 72673632 72670651 33452007 26664759 72686847 1312410154 251623971 243674333 1418073599 206091322 206091346 206091571 251588362 206091375 11968725218 206091364 206091361 206091352 206091353 251588106 206091270 2538159909 665131666 514114727 514114721 251327418 251327424 251327417 11664880505 251083072 251327460 251327489 251327415 251327409 251083087 247717831 257178842 247717828 2271268409 5479227113 257178900 1553506765 1553506716 1553506803 1553506799 1553506786 250544372 259351662 259351521 259351153 259351009 250544667 250543916 250546032 2528885565 260902333 250546419 250547292 1772499304 250545821 860790150 6131045834 1948374450 8345215831 5585733885 5585733884 11699940008 12106804997 7452256092,5223242990 1688073659 251624035 251621445 31393682 72673632 72670651 33452007 26664759 72686847 1312410154 251623971 243674333 243674884 8247497166 5536826835 206091269 206091343 206091613 251588106 206091270 2538159909 665131666 514114727 514114721 251327418 251327424 251327417 11664880505 251083072 251327460 251327489 251327415 251327409 251083087 247717831 257178842 247717828 2271268409 5479227113 257178883 257178900 1553506765 1553506716 1553506803 1553506799 1553506786 250544372 259351662 259351521 259351153 259351009 250544667 250545780 250545074 250544623 250543434 250543916 250546032 250544280 250547056 250546882 250544754 250543755 250546070 250546260 250543604 250544793 250542214 250545467 2528885565 260902333 250546419 250547292 1772499304 250545821 860790150 6131045834 1948374450 8345215831 5585733885 5585733884 11699940008 12106804997 7452256092,full,2003.9,2535.2
M19,multi_destination,1,2026-05-25T07:30:00,Mon 07:30,"Road 5 (14.60000,121.00828)","Mangga Street (14.51536,121.05959)","14.600000,121.008281","14.515360,121.059588",False,3240.0,iaco,0,0,0,"14.590948,121.020385 | 14.578484,121.032587 | 14.571580,121.046731 | 14.561869,121.053987 | 14.545568,121.052426 | 14.529575,121.057284",4320.0,"14.593750,121.027015 | 14.581765,121.030982 | 14.577009,121.047320 | 14.560915,121.056364 | 14.548307,121.070017 | 14.526902,121.074505",5400.0,1171698910 5336744733 5423578126 3377720079 2680765269 3736295061 610445242 21458559 11976572093 21458435 25353393 25353426 262529789 261682833 261682012 261682015 261682021 261682023 262526524 2005871188 6773495987 159117098 9944996382 266622236 96442154 159117725 159117728 768969993 323060579 1141753358 1141753343 1141753373 1141753366 1141753364 1141753350 1141753352 476290931 1141753368 1141753360 25583811 476288514 25583898 25583914 237016155 237016153 1278914921 237031669 237039897 237039484 242433513 242433524 242433597 242433626 344569828 242433692 242433691 12067627 496084634 295660686 5289002939 5289002934 299386589 242434204 303915907 2337738049 2337738048 313459909 9832261570 9421719558 313514846 242434215 9873260788 6622161731 11948502728 11948502729 301843114 4247126710 5883148220 4247126704 299208414 6991898405 1850957575 369916869 1850957532 1850957493 1926870786 418844894 1117858163 6622060284 6622060283 1953960736 1170633794 253051041 253050737 365270912 6622266326 251456662 271195613 251456708 251456704 3708345600 3708345596 3708345594 25004631 8383374981 619045692 619045694 619045695 619045671 8268909258 6503032971 8651181130 8266079512 278994000 2461227114 278993774 552650495 552650331 552650606 319944496 309111688 330432142 4463366270 247813680 247813708 247813821 247813899 1868302071 8323198816 8301900192 667537505 9854931384 329987182 8323238479 329987162 329987470 329987331 247813850 329987332 5601110239 329987391 329987394 329987476 12042101688 329987338 2461211029 2461211024 329987073 247814682 329987059 247813845 247813844 247813842 247814678 247814677 8310969990 1607124631 247813840 6507608909 247814304 247814337 247814305 247814704 5580008341,1171698910 5336744733 5423578126 1869895706 312004933 312004931 312004930 312004928 610445236 610445231 6141858084 6141858083 371517972 11963136286 5655937330 2616880238 2616880235 2680765269 3736295061 610445242 21458559 11976572093 21458435 25353393 25353426 262529789 261682833 261682012 261682015 261682038 266620665 261682114 261682145 261682030 2124716691 261682821 261741016 8314858530 261741030 8314858531 651134648 262535039 262535036 262535034 266790614 262535063 262534704 261741416 266620670 6975585162 8574313981 26365530 8574313982 321734921 321734962 321734291 321734966 321734801 321734883 321734806 26365580 321752734 321734727 321752558 321752523 1941072353 159120817 159119276 159119279 159119280 159118938 159120695 159118935 3657573610 1467807076 243194002 243194001 243194049 243194030 243193987 243193989 1467807043 1467807100 243193990 1467807095 1467806982 323608691 243194065 243193906 242925661 237019173 242926499 323060509 323060510 323060478 237013997 1141753364 1141753350 1141753352 25584023 237044726 237044107 237043653 237043367 1321938119 237031647 237043251 237043341 237043630 237042958 237042956 237041030 5480867404 5480867407 5480867408 5480867409 1193726151 11079627106 5521803231 457323535 237034220 476288523 476288527 476288529 476288491 1278914921 237031669 476288484 237034702 237040994 237046451 746912273 746912274 237040183 243437923 476288578 237032155 237039460 237032304 242433882 242433881 242433880 242433708 31241710 1869508695 237035391 242433921 242433706 242433705 242433717 962803393 242433720 242433604 242433610 237035998 242433615 237016137 340650955 12067627 496084634 295660686 5289002939 5289002934 299386589 242434204 303915907 2337738049 2337738048 313459909 9832261570 9421719558 5502594778 313514846 242434215 5602512091 313679817 313679524 313678192 313676132 5602360788 313676129 5602379925 313675888 313680341 2380840447 2445818020 32544112 6988392343 6988392344 4670670458 370593304 301843146 301843246 3750111299 5850246719 282387986 5850246718 318862597 12029710891 318859647 6286659891 8172378344 318859702 6622879727 318862595 6622879721 299176963 3305144083 8311978171 8311978165 299179831 1458392013 1329493123 299177280 299179105 299177170 32544174 299177192 299177156 299177216 299177269 299178834 1108796250 299178835 1108796242 299178798 9847336878 32544876 32544882 32544886 299178795 299178794 32544889 32544890 299178196 32544895 32544897 1288826441 32544898 8343446592 32544900 1993739685 6507434304 6507434307 32544902 248836642 248836641 309114530 1123491460 309110400 330434612 330434650 330434653 248836634 248836688 248836965 328214610 6994230993 517352763 248836997 248836996 330434393 328207125 248836313 328186107 517347749 330434207 614515800 248836310 9720779772 32545958 6626977400 328176274 328174927 6663310927 9797939044 9797939047 6505685284 8253692441 8253692443 8597489339 330433871 8315226119 4305412138 6660959513 248836314 4305412159 246622767 4305412171 246622765 247814226 246622764 246622763 247814309 2461210892 247814286 8614201460 247813833 247814290 247813832 247814281 247814289 247814280 247814265 247814350 2461210905 247814305 247814704 5580008341,full,2592.0,7708.0
M19,multi_destination,2,2026-05-25T07:30:00,Mon 07:30,"Mangga Street (14.51536,121.05959)","Victoria Street (14.58956,120.97889)","14.515360,121.059588","14.589564,120.978890",False,3540.0,iaco,0,0,0,"14.514679,121.043245 | 14.518744,121.029386 | 14.534893,121.019902 | 14.551305,121.011089 | 14.572601,120.999533 | 14.579452,120.988257",4320.0,"14.528250,121.056766 | 14.551465,121.065933 | 14.562337,121.053381 | 14.572252,121.035224 | 14.578970,121.027980 | 14.578696,120.999584",6600.0,5580008341 247814704 247814305 2461210905 247814350 247814265 247814280 5365909741 247814282 247814285 247814279 318826006 247813829 318825611 1420893006 247813827 2461210898 9876730844 247813441 8370368498 225348014 618530069 246623381 246623298 246623555 2461210955 2461210945 2461210940 2461210937 246623536 2461210933 2461210931 2461210929 6771348790 2461210920 2461210917 8317610691 12042018010 2461210909 2461210907 247813190 2461210906 246623539 247813185 320097344 8315533839 247813184 247813176 247813241 312498687 247813215 2461210895 2461210893 4305412219 247813238 247813275 312498572 7339989469 247813277 5729492843 320097402 312498312 4305412166 247813280 5729492853 299200275 9786949667 297166763 1238643099 695058357 2461210928 2461210935 1238642967 2461210968 12046266997 299183349 12046266991 363056855 4503764352 597581718 313866157 313866159 313865764 9871049394 4196499450 7037465521 5291043834 244452500 558297457 340223123 7112711056 7112656841 358843086 313858360 313857769 5775251381 316973470 299392752 12010346506 311889340 33955814 340175516 340175740 1669636027 411302179 141466380 151030403 5507942946 141466356 1441723789 33956008 2266248605 2266248601 2266248603 2517100673 33957035 33957034 33957033 33956682 33956676 33957058 9773039793 9773122287 26082631 13317038610 4223876367 9849412890 21717828 997432413 1988318196 168163433 997432304 33444792 26032758 26032756 4231136295 4698367831 13346887689 13346887688 291714725 291715401 163725623 291715455,5580008341 247814704 247814326 4305412257 4305412258 4305412269 247814327 247814329 4305412410 247814303 2692664138 8313960271 2461210951 2461210963 10588236703 2461210972 2461210979 2461210993 2461211000 2461211003 8314629391 247814701 247814686 247814687 8383691692 8314540715 8314547126 2461226982 2461226983 2461226984 2461226986 247813852 329987162 329987470 8323238482 8323238479 329987182 9854931384 667537505 247813677 247813745 247813646 1236729256 1236729298 247813711 247813644 316009001 2007754246 8371173834 10568340941 972690071 225347443 6949059743 2007754364 278994104 420044141 420044143 972691045 10568340946 10568340951 2007754317 8609413444 33626145 247814079 309111688 319944496 598407541 319944498 598407546 598407549 598407550 309110763 1993813733 9797939036 5802553076 1993739565 1670237925 309110400 1123491460 309114530 248836641 248836642 32544902 32544900 8343446592 32544898 1288826441 32544897 32544895 299178196 32544890 32544889 32544886 299178795 299178796 1319639264 1319639265 1108796226 1108796206 299178797 1108796284 299177321 299178798 1108796242 299178835 1108796250 299178834 8313915055 8313887127 501606856 299176963 3305144083 8311978171 6622879737 32544171 242434202 6622879728 318862399 403654515 10110544536 340679719 3283633237 1400573071 2445818020 2380840447 313680341 313675888 5602379925 313676129 5602360788 313676132 313675145 313675146 1941040767 313675148 1941039103 313675152 313675153 313675154 313675155 313675157 313675158 313675160 313677336 242434225 313677550 313677257 313677175 313677163 313676956 313676826 313676855 313676445 1952485206 313676198 313676136 313679524 313679817 5602512091 242434215 313514846 5502594778 9832549719 9873260788 6622161731 11948502728 11948502729 5877130607 32544107 9873153153 32544102 5877143510 2622376189 313467629 5466745325 9873153149 301843150 301843114 301843117 301843148 32544110 32544108 9832549690 7632664883 9622499178 88903446 7632664882 6640054562 88903254 88903822 1983906790 2134147734 88901524 11680202579 88902761 88902286 88902300 340650092 340646189 237016147 476288476 476288477 242433712 242433601 476288480 242433524 242433525 242433526 242433527 242433564 242433589 242433561 242433558 962828668 394454959 242433575 295666032 242433653 242433658 320129562 3219806797 242433637 242433638 242433676 242433677 237030041 237030042 394430480 237022983 237022979 237024532 25584021 237022978 237023846 237023849 237028045 237016153 476288492 476288496 476288497 25584003 25584004 25583894 1141753360 25583811 476288514 25583898 237022134 237023855 237024169 237023860 237030320 237023975 237024528 237025080 237030052 237024527 394430482 394430785 1278924698 5837315448 9851922872 9851922856 5577634107 5577634103 10894641250 10894641254 938437833 25583986 25583985 242925046 292828805 292828743 159121929 320425639 320425638 320425637 320425635 320425634 320806693 243437916 242925468 243193844 243193899 320806436 242925378 242925383 242925466 242925319 8377876118 242925375 242925389 242925399 242925465 1141753366 242925489 242925667 454028267 11999412864 323060579 768969993 159117728 11743515744 321732817 855136818 321732816 159121906 321732791 849399850 321733495 5819850920 5819850919 11978672530 304907366 304907459 3077651950 158296254 2320358827 158296798 96442150 79656028 79655653 159122497 156700090 156701399 156701357 156701565 156700063 156700036 156699984 6601846173 79659650 158222673 8312316823 158222746 1669636126 303691729 2817896804 2817896802 158220847 158220941 141437570 141437609 311889013 141467128 158221185 1437699083 1437699061 8634056316 12018246307 12018246309 6047943995 6047943998 34010445 12015217377 6507927308 12015178883 34010541 34010172 34010168 34010143 34010135 34010133 34010130 7824764592 33957038 159446930 159447093 314144440 314144469 314144309 33957128 33957092 1059036057 33957093 358866364 33957094 8043660306 8043660307 26498318 1892060110 26498316 68081334 1892060129 8043660308 8043660303 312702717 358866449 312702753 33957111 8043647353 21717828 997432413 1988318196 168163433 997432304 33444792 26032758 26032756 4231136295 4698367831 13346887689 13346887688 291714725 291715401 299399376 163725214 163715615 405253178 163725623 291715455,full,2406.6,8013.0
M20,multi_destination,1,2026-05-25T18:20:00,Mon 18:20,"Pangilinan Street (14.56808,121.07843)","Pajero Street (14.49640,121.03724)","14.568079,121.078431","14.496400,121.037245",False,3780.0,iaco,0,0,0,"14.561619,121.067142 | 14.546528,121.055908 | 14.534756,121.049892 | 14.532054,121.034845 | 14.523022,121.025819 | 14.507084,121.034614",4680.0,"14.560816,121.077604 | 14.546283,121.066205 | 14.537342,121.059368 | 14.517873,121.050891 | 14.507916,121.034325 | 14.486078,121.040819",4800.0,1080512650 1080512667 332342361 332342363 332342364 32476363 617520260 253300194 224925177 8336573402 253299967 1548249798 88910858 88910221 253299819 88910355 340679411 32544125 301839968 671205418 32543941 253047243 32543942 25008909 33680043 25004631 8383374981 619045692 279409795 1123583530 1123583528 408616735 1123583522 279409746 279422647 5474566160 12072780 6948434974 7796074356 8251238710 7796074329 9855950731 7796074316 9634759640 9836708494 10241508352 9836700939 6935443586 993734045 313867218 554018253 5600972655 5600972644 955677465 5600972641 955677295 5600972654 313867123 12042536939 313867126 7236671589 3406663144 8377878098 11210054856 299385489 315542064 6510031649 1075300721 5563240363 305915572 375732716 330386358 330386357 418701147 9992375712 330386397 418698742,1080512650 1080512667 332342361 332342363 332342365 32476363 88921544 32476402 32476222 9754082299 32476235 88914963 32476403 1772490302 88914966 8318368678 88914097 9789090189 88913693 9789090186 1080527770 2461160664 1080527773 1067882074 8484772220 8313879813 88913496 3750086265 3750086274 3750086282 8317601058 32544862 6627332921 32544861 1840961306 32476317 88914102 11978842189 4798255433 12572782519 88915891 88917618 9788964288 88917475 309584105 1157176088 123423334 123426256 309584444 123423282 1227749932 1227749922 1227749923 3501051875 32544185 32544870 330435384 32544871 32544872 32544876 32544882 299177321 1108796284 299178797 299177367 318882691 318887496 318886821 318886868 252168171 252168107 252168127 252168049 252168040 5395161182 252168039 252168138 252168148 252168150 252168061 252168074 252168070 252168064 252167989 252168076 252168080 8318738289 252168079 318917322 252168082 252168083 252168036 318917661 318917938 252167991 318918310 318918358 252167994 252167995 318926504 318925374 318925375 319898167 319898449 319898461 319898484 318831032 318830157 318829769 318829770 318829771 318829772 318829505 318829774 319944986 319942396 318829090 319944873 319944864 319942394 319942393 319944142 319944132 319944130 318829190 319944126 319943630 319944078 319943951 319943632 319944464 319944415 318829140 319944529 319944581 598407547 598407545 598407540 552650331 552650606 319944496 309111688 330432142 4463366270 247813680 247813894 8323241718 247813646 247813745 247813677 247813755 247813777 1236729234 8314548481 247813655 247813711 247813644 316009001 2007754246 8371173834 10568340941 972690071 972690320 316008959 21675312 8609413442 316007397 2007754162 21675307 316007448 13542603733 358836900 358828774 6221316945 306940054 6221316939 6222475263 3626519789 8661001498 251088421 330386833 347293184 347293084 418671378 347293179 1185565935 3305181066 6126583225 418669599 5693474087 8003169070 299382740 375729806 305915572 375732716 330386358 330386357 418701147 5564549135 418701172 330386395 330386397 418698742,full,1914.1,4765.9
M20,multi_destination,2,2026-05-25T18:20:00,Mon 18:20,"Pajero Street (14.49640,121.03724)","East 5th (14.43826,120.99499)","14.496400,121.037245","14.438262,120.994992",False,3300.0,iaco,0,0,0,"14.485798,121.041472 | 14.478704,121.030772 | 14.468991,121.021940 | 14.471080,121.007913 | 14.458079,120.998422 | 14.444609,120.993860",4500.0,"14.488409,121.044169 | 14.480650,121.030429 | 14.469110,121.020406 | 14.471080,121.007913 | 14.459818,120.998957 | 14.444436,120.994127",4500.0,418698742 375730033 375730007 375729993 5564549132 5564549130 5353771587 5353771607 299382740 8003169070 5693474087 418669599 418667654 8661001488 3626519781 3626519783 8661001498 251088421 418674022 418674542 617478742 641155962 251088424 344565720 344565742 344565457 301057221 308210957 308210928 269276347 301057219 301057284 301057245 301057237 301057228 269276342 1468895773 301057499 269276341 301057496 269276339 301057203 301057453 269468318 269278299 269670514 269276334 4915966817 13103838142 301058129 269468221 301057729 301057730 301057737 301057722 269468390 301057865 269276326 269276324 269670435 3595787623 3595789004 3595787621 301058712 301058707 301058596 301058644 301058660 301058619 1691816872 1691816855 251087566 686423075 686423073 653113130 470077832 251087670 320813341 320813078 243864366 1728627456 6626936952 1728627463 321115541 307961671 1843435035 1906502198 1843435023 5549968387 1843434993 1843434987 1843434963 1843434961 1843434942 1704105274 1704105241 8314334681 8383527011 1704105200 1704105180 2523859117 2523862066 8386183513 2523862073 10810818557 10810797591 2523855740 2523855749 6113232356 6113232366 6113232365 8312113456 11980157339 39982823 310738501 39982817 8341118084 39982814 310737332 8511556769 6643105236 1044655355 3589329826 39982788 310735325 312235189 310735322 6106188544 345515055 39982697 319430442 312239030 8359899673 312248022 312239339 1694266179 1694266178 1694266177 1694266176 319429969 895292994 7857751168 319429973 319429983 1768582485 1694266140 1694266134 1694262042 322866590 1694262077 1694262106 1694262143 1694262104 1694262109 1694262146 1694262169 1694262193 1694262206 1694262215 1694262233,418698742 375730033 330386394 330386395 418701172 5564549135 418701147 330386357 330386358 375732716 305915572 375729806 299382740 8003169070 5693474087 418669599 418667654 8661001488 3626519781 3626519783 8661001498 251088421 418674022 418674542 617478742 641155962 251088424 344565720 344565742 344565457 301057221 308210957 308210928 269276347 301057219 301057284 301057245 301057237 301057228 269276342 1468895773 301057499 269276341 301057496 269276339 301057203 301057453 269468318 269278299 269670514 269276334 4915966817 13103838142 301058129 269468221 301057729 301057730 301057737 301057722 269468390 301057865 269276326 269276324 269670435 3595789003 301058584 301058580 301058490 301058507 663935953 301058492 1465187169 1691823390 1691823298 376246965 1691816872 1691816855 251087566 686423075 251087484 6627030666 6627030665 653113130 470077832 251087670 320813341 320813078 8383935956 8383935941 1728627456 6626936952 1728627463 321115541 307961671 1843435035 1906502198 1843435023 5549968387 1843434993 1843434987 1843434995 1843435001 1843434979 1843434971 1843434961 1843434963 1843434951 1843434953 1843434931 1843434911 1843434894 10281616986 5336069825 1843434892 1704105274 1704105241 8314334681 8383527011 1704105200 1704105204 2527610843 1704105166 1704105175 8314236162 8314236166 8314373643 2523855749 6113232356 312256052 6113232365 8312113456 11980157339 39982823 310738501 39982817 8341118084 39982814 310737332 8511556769 6643105236 1044655355 3589329826 39982788 310735325 312235189 310735322 6106188544 345515055 39982697 319430442 312239030 8359899673 312248022 312239339 1694266179 1694266178 1694266177 1694266176 319429969 895292994 7857751168 319429973 319429983 1768582485 1694266140 1694266142 1694266143 1694266141 1694266135 1694266134 1694262042 322866590 1694262077 1694262106 1694262143 1691617017 1694262109 1694262146 1694262169 1694262193 1694262206 1694262215 1694262233,full,2910.5,3900.2
